Title,Author,Pages,Publisher,Year,Image,Text,Field
المسند الصحيح المختصر من السنن بنقل العدل عن العدل عن رسول الله صلى الله عليه وسلم (رواية الجلودي),"مسلم بن الحجاج بن مسلم، القُشَيْرِي، النيسابوري، أبو الحسين ، الإمام مسلم",49,دار المخطوطات في إمارة الشارقة ,261 هـ,https://imh.ac.ae/wp-content/uploads/2019/05/1-0806.jpg,"باب منه عن أبي الحسين مسلم بن الحجاج القشيري رحمه الله حدثنا زهير بن حرب، وإسحاق بن إبراهيم، قال إسحاق: أخبرنا، وقال زهير: حدثنا جرير، عن الأعمش، عن زيد بن وهب، عن عبد الرحمن بن عبد رب الكعبة، قال: دخلت المسجد فإذا عبد الله بن عمرو بن العاص جالسا في ظل الكعبة، والناس مجتمعون عليه، فأتيتهم فجلست إليه، فقال: كنا مع رسول الله صلى الله عليه وسلم في سفر، فنزلنا منزلا فمنا من يصلح خباءه، ومنا من ينتضل، ومنا من هو في جشره، إذ نادى منادي رسول الله صلى الله عليه وسلم: الصلاة جامعة، فاجتمعنا إلى رسول الله صلى الله عليه وسلم، فقال: “إنه لم يكن نبي قبلي إلا كان حقا عليه أن يدل أمته على خير ما يعلمه لهم، وينذرهم شر ما يعلمه لهم، وإن أمتكم هذه جعل عافيتها في أولها، وسيصيب آخرها بلاء، وأمور تنكرونها، وتجيء فتنة فيرقق بعضها بعضا، وتجيء الفتنة فيقول المؤمن: هذه مهلكتي، ثم تنكشف وتجيء الفتنة، فيقول المؤمن: هذه هذه، فمن أحب أن يزحزح عن النار، ويدخل الجنة، فلتأته منيته وهو يؤمن بالله واليوم الآخر، وليأت إلى الناس الذي يحب أن يؤتى إليه، ومن بايع إماما فأعطاه صفقة يده، وثمرة قلبه، فليطعه إن استطاع، فإن جاء آخر ينازعه فاضربوا عنق الآخر، فدنوت منه، فقلت له: أنشدك الله آنت سمعت هذا من رسول الله صلى الله عليه وسلم؟ فأهوى إلى أذنيه، وقلبه بيديه، وقال: «سمعته أذناي، ووعاه قلبي»، فقلت له: هذا ابن عمك معاوية، يأمرنا أن نأكل أموالنا بيننا بالباطل، ونقتل أنفسنا، والله يقول: {يا أيها الذين آمنوا لا تأكلوا أموالكم بينكم بالباطل إلا أن تكون تجارة عن تراض منكم ولا تقتلوا أنفسكم إن الله كان بكم رحيما} قال: فسكت ساعة، ثم قال: «أطعه في طاعة الله، واعصه في معصية الله»",الحديث الشريف وعلومه
منتخب الأحكام من حديث سيد الأنام (ج 2),"عبيدالله بن محمد بن أحمد، ابن قدامة، المقدسي، الحنبلي، شمس الدين ، ابن قدامة المقدسي",44,دار المخطوطات في إمارة الشارقة ,684 هـ,https://imh.ac.ae/wp-content/uploads/2019/05/1-0797.jpg,"الحمد لله رب العالمين، والعاقبة للمتقين، اللهم علمنا ما ينفعنا وانفعنا بما علمتنا، وبعد فيقول مصنف هذا الكتاب…هذا هو الجزء الثاني من كتاب منتخب الأحكام من حديث سيد الأنام صلى الله عليه وسلم أبدا. باب التيمم الحديث الأول عن عمران بن حصين رضي الله عنهما أن رسول الله صلى الله عليه وسلم رأى رجلا معتزلا لم يصل بالقوم، فقال: يا فلان ما منعك أن تصلي في القوم…

نهاية المخطوط :
ومن قال: هي العشاء، يقول: سبقها صلاة نهار، وصلاة ليل، وتأخر عنها صلاة بينهما، وصلاة نهار، مع أن الصبح قد اختلف فيها؛ هل هي نهارية، أو ليلية، أو لا يوصف بهما؟ على ثلاثة مذاهب للسلف.
ومن قال: الظهر هي عكس القول في العشاء في التقدم، والتأخر.
وهذا لا يتعين، بل ينبغي أن يكون مسلك النظر من حيث الفضل؛ كما يشير إليه قوله تعالى: {وكذلك جعلناكم أمة وسطا} أي: عدلا.
ومع ذلك كله، فأقوى دليل لمن قال: إنها الصبح، ومنع أنها العصر، قضية العطف الذي قدمناه، وهي قاصرة عن النص….",شروح الحديث
الإقناع لطالب الانتفاع,"موسى بن أحمد بن موسى، الحجاوي، المقدسي، الحنبلي، شرف الدين، أبو النجا ، الحجاوي",299,دار المخطوطات في إمارة الشارقة ,968 هـ,https://imh.ac.ae/wp-content/uploads/2019/05/0288-02.jpg,الحمد لله الذي فقه من أراد به خيرا في الدين وشرع أحكام الحلال والحرام في كتابه المبين وأعز العلم ورفع أهله العاملين به المتقين…أما بعد: فهذا كتاب في الفقه على مذهب إمام الأئمة ومجلي دجى المشكلات المدلهمة الزاهد الرباني والصديق الثاني أبي عبد الله أحمد بن محمد بن حنبل الشيباني رضي الله عنه وأرضاه وجعل جنة الفردوس مأواه اجتهدت في تحرير نقوله واختصارها بعدم تطويله…,الفقه الحنبلي
جزء فيه أحاديث عوال من الموافقات والأبدال والتساعيات والمصافحات والأناشيد والمقطوعات,"تخريج: عبدالمؤمن بن خلف بن أبي الحسن، الدمياطي، التُّوني، الشافعي، شرف الدين، أبو محمد ، الدمياطي",12,دار المخطوطات في إمارة الشارقة ,705 هـ,https://imh.ac.ae/wp-content/uploads/2019/05/0248-00.jpg,"أخبرنا المسند أبو النون يونس بن حسين بن علي الراجي إجازة مشافهة أخبرنا ناصر الدين بن علي الحراوي إجازة مشافهة عن الحافظ شرف الدين الدمياطي إجازة إن لم يكن سماعا…عن عبد الله بن عمرو بن العاص قال: قال رسول الله صلى الله عليه وسلم، وعند ابن السراج أن رسول الله صلى الله عليه وسلم قال: الراحمون يرحمهم الرحمن , ارحموا أهل الأرض يرحمكم من في السماء…",الحديث الشريف وعلومه
فتح الوصيد في شرح القصيد (شرح الشاطبية),"علي بن محمد بن عبدالصمد، السَّخَاوي، الدمشقي، الشافعي، علم الدين، أبو الحسن ، السَّخَاوي",259,دار المخطوطات في إمارة الشارقة ,643 هـ,https://imh.ac.ae/wp-content/uploads/2019/05/1-0788.jpg,"الحمد لله الذي جعل كتابه العزيز نورا نهتدي به إذا أظلمت الأمور، وسورا نتحصن به عند نزول المحذور، وضياءا تستمده البصائر فلا تحيد عن الحق ولا تجور، وشفاءا لما في الصدورن وشفيعا إذا بعثر ما في القبور…أذكر في هذا الكتاب بحول الله وقوته شرح قصيدة الشيخ الإمام…الشاطبي رحمه الله الملقبة بحرز الأماني ووجه التهاني وقيل هي شجرة كبيرة بجبل لبنان ورقها يشبح ورق الخلاف مستطيل بين الصفرة والخضرة يشبح رائحة الأترج، وقيل بل هي حشيشة طيبة الريح، وقيل يشبه ورقها ورق الطرفاء صفراء كرائحة الأترج تسمى أرجل الجراد، لأنها تشبهها، ووزن زرنب فعلل وليس في العربية فعنل.",القراءات
خطاب دفع والتزام,,1,دار الكتب والوثائق القومية, 91 هجري / 710 ميلادي,http://www.darelkotob.gov.eg/HeritageImages/%d8%a8%d8%b1%d8%af%d9%8a/189%d8%a8%d8%b1%d8%af%d9%8a%d9%87.jpg,"جزء من بردية مدونة باللغة العربية واليونانية، خالية من النقط (الخط الحجازي) عثر عليها في منطقة كوم أشقاو بصعيد مصر، محافظة سوهاج، وتُنسب لعهد الوالي قُرَّة بن شَرِيْك، عام 90-96هجرية.",برديات
حكومة البحرين,حكومة البحرين,1,صحيفة الوسط البحرينية , هـ 1346,https://malturath.wordpress.com/wp-content/uploads/2014/01/main_fdd-3.jpg,"إعلان

نعلن للعموم من جماعة أهل السنة والشيعة في البحرين ـــ أنه من سبب سوء التدبير في الأوقاف قد تعينت إدارة شرعية لأجل تسجيل الأوقاف وتدبيرها أحسن تدبير، والإدارة المذكورة تشتمل وتنحصر في خصوص المحكمتين الشرعيتين السنة والشيعة ـــ فلهذا نخبر جميع متولي الأوقاف بأن يخطروا الإدارة المذكورة ويخبروها بجميع ما في أيديهم من نخيل أو عقارات (ثم يرسم؟؟) في دفاترها المخصوصة لذلك بموجب أوراق الوقفية التي يقدمونها إلى قضاة المحكمتين الشرعيتين موضع خصوص الكتاب ـــ لأجل أن (تجبيها ؟؟) القضاة على حسب القانون الشرعي لا غير ـــ فكل من يتأخر عن تقديم الاطلاعات المذكورة في مدة شهر واحد إلى سلخ شهر صفر 1346 من هذه السنة من غير عذر ولا سفر، أو يخفي شيئاً من الوقف أو يعطي اطلاعات غير صحيحة مع علمه بذلك سيجازي لدى المحكمة. ليكون معلوم.

حرر في 27 محرم 1346».",الأوقاف… وثائق وحكايات لحقوق شرعية
فرمان بخصوص قرية في منطقة أردبيل,أبو المظفر محمد بن عثمان بن أوزبك (برهان أمير المؤمنين),1,Digital Persian Archive,"21 رجب 630 هـ / 3 مايو 1233 م
",https://asnad.org/media/previews/sanad_001022-02.jpg,"(1) نصرة الدنيا والدين، أبو المظفر محمد بن عثمان بن أوزبك، برهان أمير المؤمنين.
(2) الله كافٍ لعباده.
(3) وقد صدر هذا الأمر ونُفذ في حق الشريف الأجلّ الأخص،
(4) شرف الدين بهاء الإسلام بابا بن بلان – أطال الله بقاءه – حيث مُنح القرية المسماة كونزانه (KWNZ'NH)،
(5) وغيلاند (Gīland) من ناحية دارمرز من أعمال أردبيل له،
(6) كملكية، ليعمرها وينتفع بارتفاعها (إيراداتها) لنفسه، وبالكيفية التي يراها،
(7) [......] وعلى نواب الديوان [......]
أن يسيروا على مقتضى هذا الفرمان، وأن يثبتوا هذه الأراضي المذكورة في يد بابا كملكية مقررة له، لكي ينشغل بعمارتها بطمأنينة قلب.
(10) وليكون الاعتماد على التوقيع العالي المرفوع أعلاه.
(11) كُتب بالأمر ونُفذ برسالة الأمير عميد الأصفهسلار (كذا) العالم العادل،
(12) المؤيد المظفر المنصور، جمال الدين ... الإسلام قطب الملوك والسلاطين،
(13) ملك الأمراء (كذا) – دام سموه – بتاريخ أحد (كذا) عشرين رجب،
(14) سنة ثلاثين وستمائة (630 هـ). والحمد لله كثيرًا.",الأوامر الملكية والإمبراطورية
رسالة من أوزون حسن,أوزون حسن آق قويونلو (أبو نصر حسن بهادر),1,Digital Persian Archive,سنة 879 هـ / 18 مايو 1474 ,https://asnad.org/media/previews/sanad_000632-02.jpg,"هو الهادي

(1) إلى الجناب العالي، المقرون بالهداية، المنسوب إلى الكرامة، ملاذ الإرشاد، شعار الشريعة، وكساء الحقيقة،
مولانا وشيخ الإسلام الأعظم،
(2) هادي طوائف الأُمم، ناصح الملوك والسلاطين، عضد الإسلام والمسلمين، المؤيد بتأييدات الملك الصمد،
(3) نظام الملة والدين، مولانا أحمد – أسبغ الله تعالى ظلال إرشاده وإفادته على رؤوس المسلمين.
(4) إن دعواته الطاهرة، التي يضاهي صفاؤها أوراد الصومعة المباركة للزاهدين، قد صقلت أعلام الهدى.
(5) ومن صدق النية وكمال العقيدة، بُعث بهذه الرسالة التي تحمل رأيًا منيرًا، إذ إن ذلك الجناب المقدس،
(6) في صحبة مبعوث ورسول حضرة السلطنة الملوكية – خلد الله ملكه وسلطانه –
(7) قد تفضل بالسفر للحضور، واستفدنا كامل الاستفادة من نصائحه ومواعظه.
(8) وأفاد أن “الصُلح خير” كان هو الهدف المنشود، وقد تقرر أن
(9) لا يكون هناك تعدٍّ أو إيذاء من الطرفين على حدود مملكة كل منهما، وأن يتم إطلاق سراح جميع الأسرى من كلا الجانبين،
(10) وأن كل ما قرره المرسل قُبل بكل رضا وسرور،
(11) وتم عقد العهد والميثاق، كما أن النصائح التي وجهها ذلك الجناب المرشد كانت
(12) موافقة للحديث النبوي – عليه أفضل الصلوات وأكمل التحيات – وموافقة لأوامر الله تعالى.
(13) وبعد تلقيها بشكل معتبر ومقدّر، تم أداء القسم في حضرة الرسول،
(14) وقد أُرسل ما رآه ذلك الجناب والرسول مناسبًا كتقدمة.
(15) والآن يبدو أنه قد تغيّر القول إلى نوع آخر، والحال أنه في أمر كان ذلك الجناب الهادي
(16) قد توسّط فيه بحسن الاهتمام وصدق النية وصلاح المسلمين، وكان ذلك الرسول المشار إليه من العلماء والفضلاء وأصلح الصلحاء وأهل اليقين،
(17) وكان الكلام قد تقرر حسب أمر الله تعالى، وتوطّد العهد عليه، فكيف يُظهر خلاف ذلك ظاهرًا؟
(18) ويمكن عقد الاعتبار والاعتماد على هذا العهد والميثاق،
والمقصود من ذلك هو إصلاح أحوال المسلمين،
(19) ومع وجود ذلك الجناب الشريف، ذي الصفات الملكية،
ووجود ذلك الرسول المشار إليه الذي توسّط في هذا الأمر،
فلن ينزل ملك آخر من السماء (لإصلاح الأمر بعد ذلك).
(20) والمقصود أن هذا العبد (الكاتب) ما زال على ذلك العهد والميثاق
الذي تم بحضورهم، ولا يجوّز مخالفة ذلك بأي وجه من الوجوه.
(21) ولا يرى حاجة إلى المبالغة في ذلك.

ظلّ إرشاد ذلك الملاذ ممتد ومبسوط بإذن الله.",رسائل ومراسلات
 فرمان صادر عن الشاه طهماسب الأول,الشاه طهماسب الأول (حاكم الدولة الصفوية),2,"المتحف البريطاني (لندن)
Digital Persian Archive",18 جمادى الأولى 948 هـ / 9 سبتمبر 1541 م,https://asnad.org/media/facsimiles/sanad_000230-01.jpg,"بسم الله الرحمن الرحيم
هو الغني
الحكم لله

أبو المظفر طهماسب بهادر، سلطاننا المعظم.

في هذا الوقت، وبناءً على وفرة الأمانة، والرشد، وكفاءة العمل لدى سيد السادات والأشراف، سيد شجاع الدين سلطان محمود الرضوي النقيب،
تم تعيينه متوليًا (ناظرًا) للأوقاف والأملاك التابعة للآستانة المقدسة المنورة للسيدة المعصومة، سمية سيدات نساء العالمين، السيدة فاطمة عليها التحية والسلام،
وكذلك للمسجد المبارك المنسوب للإمام أبي محمد الحسن العسكري عليه السلام،
وتولي الإمامة فيهما، وفق الشرع الشريف، وشرط الواقف، والأوامر السلطانية المطاعة.

وقد كان هذا المنصب سابقًا بيد والده المرحوم، سيد مرشد الدين رشيد الإسلام الرضوي النقيب،
فقد أعدنا تفويضه إليه بنفس النظام، دون إشراك أي طرف آخر،
ليجتهد في تنظيم وإدارة الآستانة المقدسة والمسجد المبارك، ويقوم بضبط إيراداتها وإعمار أملاكها،
وأن لا يسمح بحدوث أي تقصير فيها،
وأن يُنفِق إيرادات الأوقاف وفق ما هو محدد في التعليمات،
وبمعرفة السيد علي الرضوي النقيب،
وبطريقة تتوافق مع الشرع الشريف، في مصارفها الواجبة.

ويُمنع المستأجرون، والعمال، والموظفون، والرعايا في المناطق التابعة للآستانة المقدسة والمسجد المبارك من دفع أو استلام أي مبلغ أو شيء دون علم وختم وتوقيع المتولي المشار إليه،
وأن يرفعوا إليه أي نزاع يحدث بينهم، ولا يُخفوا عنه شيئًا،
وأن يُرجعوا إليه في جميع شؤونهم وفق النظام الإداري المتبع في الدولة.

ولا يحق لأي شخص أن يتدخل في أوقاف الآستانة المقدسة والمسجد المبارك بما يخالف الشرع وشرط الواقف.

وعلى السادة العظام، وقضاة الإسلام، والحكام، والأكابر، وأهالي مدينة قم وسلطانية،
أن يعتبروا ما ورد هنا أمرًا نافذًا، وأن يُساعدوا هذا السيد في أداء مهامه.

ويجب أن يُستثنى مقام الآستانة المقدسة من جميع الأوامر العامة الصادرة بشأن العقارات والأوقاف،
وإذا صدرت أحكام عامة باسم أرباب السيور والغلات والأوقاف،
فيجب استثناء أملاك وإيرادات الآستانة المقدسة منها.

ولا يحق لأرباب الوظائف أو موظفي الآستانة أن يطالبوا المتولي بما يخالف الشرع وشرط الواقف،
بل عليهم الالتزام بما هو مقرر في التعليمات،
وعدم التدخل أو المطالبة بما هو زائد عن ذلك،
وألا تُعتبر الأوامر التي تخالف هذا المضمون في الماضي أو المستقبل معتبرة أو ملزمة.

ويجب على العمال هناك أن يعتبروا أنفسهم معزولين إذا عزله، ومُعيّنين إذا نصّبهم،
وأن تُدفع له نسبة العُشر (10%) وفق شرط الواقف كحق للتولية.

السيد الأمير فخر الدين أسعد الرضوي","الأوامر الملكية والإمبراطورية
"
" نشرة المكتبة. المجلد 1. 1878، العدد 8",مكتبة جامعة هارفارد,44,جامعة هارفارد,1878 م,https://api.digitale-sammlungen.de/iiif/image/v2/bsb11372212_00001/full/full/0/default.jpg,"HARVARD UNIVERSITY.
LIBRARY BULLETIN No. 8.
JUNE 1ST, 1878.
12
COUNCIL OF THE UNIVERSITY LIBRARY.
CHARLES W. ELIOT, President of the University.
HENRY W. TORREY, Professor of Ancient and Modern History.
EZRA ABBOT, Professor of New Testament Criticism and Interpretation.
WOLCOTT GIBBS, Professor on the Application of Science to the Useful Arts.
FRANCIS J. CHILD, Professor of English.
CHARLES ELIOT NORTON, Professor of the History of Art.
JUSTIN WINSOR, Librarian of the University.
GEORGE L. GOODALE, Assistant Professor of Vegetable Physiology.
COLLEGE LIBRARY.
JUSTIN WINSOR, Librarian.
JOHN FISKE, Assistant Librarian in Charge ofthe Catalogue.
GEORGE F. ARNOLD, Curator of the Shelves.
THOMAS J. KIERNAN, Supt. of Circulation.
DEPARTMENTAL LIBRARIES.
The care of the several libraries devolves upon some member of the faculties of the respective
departments when regular librarians have not been appointed.
JOHN B. S. JACKSON, Professor and Curator of the Museum, Medical School.
HENRY L. EUSTIS, Professor and Dean of the Lawrence Scientific School.
FRANCIS H. STORER, Professor and Dean ofthe Bussey Institution.
EDWARD C. PICKERING, Professor and Director of the Astronomical Observatory.
SERENO WATSON, Curator ofthe Herbarium, Botanic Garden.
JOHN H. ARNOLD, Librarian of the Law School.
FREDERICK MEAKIN, Librarian of the Divinity School.
MISS F. M. SLACK, Librarian of the Zoological Museum.
EXTRACTS FROM THE STATUTES OF THE UNIVERSITY.
The College Library in Gore Hall, is for the use of the whole University. Its privileges are
also granted, under special regulations, to persons not connected with the University. [Blanks for
making application for such use may be had of the Librarian.] It is the duty of the Council to make
rules for the administration of the Library; to direct the purchase of books to the extent of the
funds applicable for that purpose; and to visit and inspect the Theological, Law, Medical, and
other special libraries. The Librarian has the care and custody of the Library. It is his duty to
superintend its internal administration, enforce the rules, and conduct the correspondence; and
to make annually a written report on the condition of the Library to the Library Committee of
the Overseers, and to the Corporatio",تاريخ الأدب
 تاريخ مصر القديمة,George Rawlinson,570,"إس. إي. كاسينو، ناشر
",1882 م,https://api.digitale-sammlungen.de/iiif/image/v2/bsb11612539_00012/full/full/0/default.jpg, تاريخ مصر القديمة," تاريخ العصور القديمة
"
 فرمان صادر عن جهانشاه قرة قویونلو (Qara Quyunlu),جهانشاه قرة قویونلو (Jahanshah Qara Quyunlu),1,"معهد المخطوطات القديمة “ماتناداران” (Matenadaran)، يريفان، أرمينيا.", 838 هـ,https://asnad.org/media/facsimiles/sanad_001034-01.jpg,"“أمر إلى الألكية (الأمراء) والحكام والدروغة (المراقبين) والمتوكلين (القائمين على الأوقاف) والعمال والمتصدّين للشؤون والإشغال، وأمير تومان قيانات وآران وأرسبار، خصوصًا شاني وملكان، ومقدّمي المواضع…”

أُبلغ هؤلاء جميعًا بأمر السلطان المعظم، ليعلموا أنّه في هذا الوقت جاء زعيم آل المسيح، شماون ورتايد، إلى حضرة السلطان (عالم‌پناه)، وبعد أن قدّم فروض الطاعة والدعاء بدوام الدولة وازدهارها،

عرض عليهم الأوامر السابقة للسلاطين، والحكم العالي الذي كان قد صدر بتصديق، ومفاده:

أن وانك طاطيف ووانك وغادي، وهي الأماكن التي كانت مقامه ومسكنه، والأراضي التابعة لأوقافه والتي كان يزرعها، معفاة من الأموال والضرائب والعوائد الديوانية، ومحرّرة، فلا تُطالب المزروعات والحاصلات والعوائد الخاصة بها بأي مال أو ضريبة.

ويُعتبر أتباعه ومعاونوه مرفوعي القلم (معفيين من الضرائب والغرامات)، لذا وجب اتباع هذا الأمر بعون الله تعالى في جميع الأقاليم والأنصار (الأنحاء).

يجب إبقاء ممتلكاتهم معفاة وفق النظام القديم والقواعد المستمرة، كما في السابق، ويعامل الكهنة والرهبان في ولاية “كوكچه” (اسم موضع) بالاحترام والتقديم، ويجب عليهم خدمة شماون ورتايد، والالتزام بشروط الطاعة.

كما يجب أن تُعطى النذور التي كان الناس يعطونها لوانك طاطيف منذ القدم، حسب النظام القديم.

ويجب على “ملكان” و”داروغكان أروط” (حكام ومراقبي أروط) اتباع هذا الأمر السلطاني وعدم مخالفته.
مهر سلطان جهانشاه",فرمان (مرسوم سلطاني)
رسالة من كمال الملك إلى يحيى ميرزا دولتشاهي   (6 من 6),"محمد غفاري، المعروف بـ كمال الملك",1,Digital Persian Archive,1359 هـ ,https://asnad.org/media/facsimiles/sanad_001009-01.jpg,"“أقبّل قدميك”

الخط المبارك لحضرتكم الذي تفضلتم به بمناسبة تهنئة العيد، وصل وتمت رؤيته،
وقد تشكرتُ غاية الشكر من كونكم لم تنسوا هذا العليل المسكين العاجز
في هذه الزاوية المنعزلة من الصحراء.
وأسأل الله المتعال من باب الألوهية أن يمنّ على حضرتكم العالية بكل أنواع السعادة والرضا،
وآمل أن تقضوا عمركم دائمًا في السرور والسعادة والفرح.

محمد غفاري (كمال الملك القديم)","رسائل ومراسلات
"
"رسالة من كمال الملك إلى يحيى ميرزا دولتشاهي (4 من 6)
","محمد غفاري، المعروف بـ كمال الملك",2,Digital Persian Archive,1357 هـ,https://asnad.org/media/facsimiles/sanad_001007-01.jpg,"السيد يحيى ميرزا دولتشاهي
وصلتني رسالتكم بشأن الاستفسار عن وضعكم الدراسي بعد الحصول على الدبلوم،
وأقرّ جوابًا بأنكم كنتم من طلابي الجيدين، وبعد حصولكم على الدبلوم العالي في الفنون الجميلة في سنة 1299 شمسية (1920 م)، واصلتم الدراسة عندي بجدية تامة حتى سنة 1306 شمسية (1927 م) لإكمال وتعلّم المزيد من المعارف الرفيعة في مجال الفنون الجميلة،
وأنا أشعر بالرضا التام والسرور تجاه نجاحكم وتفوقكم.

محمد غفاري
كمال الملك القديم","رسائل ومراسلات
"
كتاب “الفهرست” لابن النديم, أبو الفرج محمد بن إسحاق بن محمد بن إسحاق الورّاق البغدادي المعروف بابن النديم.,179,المكتبة الشاملة,380 هـ,https://mega.nz/file/yJVAQLRS#Y_XumVbi0MQqvvqpuDoWZ5qR47iaOyH7iAZ3NrIyTww,"﷽

كان الاسلام فاتحة عهد جديد من النور والمعرفة، راجت في بلاده سوق العلم، وعظم شأن العلماء، وكثر التأليف والتصنيف في شتى ابواب المعرفة والعلوم، وكثرت المكتبات العامة والخاصة فاشتدت الحاجة إلى كتب تفهرس لهذه الكتب وتدل على المؤلفين وما الفوه في ابواب مقسمه على العلوم ليسهل على الباحث ادراك بغيته في اقصر وقت، واسهل سبيل، وكان لكتاب الفهرست للنديم النصيب الاوفى في سد هذه الحاجة، وهو لا يزال منارا هاديا إلى معرفة الكتب المؤلفة أو المترجمة في القرون الاسلامية الاولى إلى يومنا هذا.

ان الذى سهل على النديم قيامه بهذا العمل كونه وراقا، والوراقون اخبر الناس بالكتب واسمائها وموادها لا سيما إذا ما توفر لاحدهم الثقافة والعلم والخبرة كما توفر كل ذلك لصاحبنا مؤلف الفهرست. ومع اننا لا نعرف بالضبط متى شرع هذا الرجل العبقري بعمله لان المآخذ التاريخية التى من شأنها الكشف عن مثل هذه الغوامض ساكته لم تكرث بها، لا يبقى لنا الا الحدس في مثل هذه الامور. فإذا ما علمنا من الفهرست (١) انه في سنه (٣٤٠) كان يلتقى مع العلماء ويأخذ عنهم فقد يتبادر إلى الذهن ويقبله العقل ان المؤلف قد اخذ بجمع مواد كتابه منذ وقت مبكر ثم اخذ يكمله شيئا فشيئا حتى دفع به إلى نساخه في سنه (٣٧٧) للتبيض وقد تداول الناس الكتاب والمؤلف حى، لكنه لم يعش طويلا بعد الفراغ من نسخ الكتاب، ولعله كان مثقلا بوطأة المرض فراى ان يعجل باخراجه للناس رغم ما كان فيه مواضيع متروكة بياضا.

فلقد توفى على ما ذكره الصفدى والذهبي والمقريزي في يوم الأربعاء لعشر بقين من شعبان سنة ثمانين وثلثمائة وهذا يدل على أن المؤلف عاش ثلاث سنين فقط بعد الفراغ من نسخ الكتاب.

اما سبب تعلقي بهذا الكتاب واخراجه مرة ثانية بعد طبعة جوستاف فلوجل فهو ان بعض الاساتذه قد اقترح على ترجمة الكتاب إلى اللغة الفارسية، ولم يكن بين يدى آنذاك الا الطبعة المصرية للكتاب فلما باشرت الترجمة ضقت ذرعا بكثره الاخطاء المتفشية فيه، وعندئذ رأيت انه لا بد من الرجوع إلى نسخة فلوجل المطبوعة في ليبزح الالمانية سنة ١٨٧٢ الميلادية، وقد بذلت وقتا ومالا حتى امكنني الحصول على نسخة من الكتاب في ليدن من بلاد هولنده، فلما رأيت طبعة فلوجل علمت ان المصرية صورة طبق الاصل عنها غير ان الطبعة المصرية خلت من الهوامش والحواشي والتوضيحات التى هي في طبعة فلوجل. وابدلت عنه باضافة تكملة صغيره غير موجودة في طبعة فلوجل",بيبلوغرافيات - تراجم
 فضائل مكة والسكن فيها,"الحسن بن يسار البصري، أبو سعيد",40,مكتبة الفلاح - الكويت,110 هـ,https://www.noor-book.com/publice/covers_cache_webp/1/0/3/1/11d53d834a031ed11dd69c6dab99db3c.jpg.webp,"فَضَائِل مَكَّة

بِسم الله الرَّحْمَن الرَّحِيم

أخبرنَا الشَّيْخ الْفَقِيه الْحَافِظ أَبُو الْفضل جَعْفَر بن الْحسن ابْن جَعْفَر الْهَمدَانِي قَالَ أخبرنَا الشَّيْخ الامام أَبُو طَاهِر أَحْمد بن مُحَمَّد السلَفِي الاصفهاني قِرَاءَة عَلَيْهِ فِي جُمَادَى الأولى سنة احدى وَسبعين وخمسماية قَالَ أخبرنَا القَاضِي أَبُو اسحق ابراهيم بن مُحَمَّد بن الْحُسَيْن الغضائري ب (دربند) قِرَاءَة عَلَيْهِ مني فِي شَوَّال سنة ثَلَاثِينَ وخمسماية قَالَ كتب إِلَيّ أَبُو مَنْصُور مُحَمَّد بن أَحْمد بن الْقَاسِم الاصفهاني الْمُقْرِئ من ثغر (آمد) أَن أَبَا الْحسن عَليّ بن الْحَاضِر بن عَليّ الْبَغْدَادِيّ بالفسطاط قَالَ أخبرنَا أَبُو الْحسن عَليّ بن عبد الرَّحْمَن الشَّافِعِي بِمَكَّة قَالَ أخبرنَا أَبُو الْحسن عَليّ بن عبد الله الْهَمدَانِي قَالَ أخبرنَا أَبُو الْحسن مُحَمَّد ابْن نَافِع قَالَ أخبرنَا أَبُو الْحسن مُحَمَّد بن ابراهيم بن مَعْرُوف الصيدلاني قَالَ حَدثنَا عبد الله بن أَحْمد بن صَالح التَّمِيمِي قَالَ حَدثنَا أبي قَالَ حَدثنَا عبد الله بن عبد الحميد أَو الْمجِيد الْحَنَفِيّ قَالَ حَدثنَا عُبَيْدَة أَو هُبَيْرَة الْبَاجِيّ الحدادح",كتب السنة 
 تخريج الفروع على الأصول,أبو المناقب شهاب الدين محمود بن أحمد الزنجاني,393,مؤسسة الرسالة - بيروت,١٣٩٨ ه,https://www.noor-book.com/publice/covers_cache_webp/18/6/f/4/e6141cc4ba6f4e9a7adaa038bff67616.jpg.webp,"[كتاب الطهارة]

مسألة

ذهب الشافعي ﵁ وجماهير أهل السنة إلى أن الطهارة والنجاسة وسائر المعاني الشرعية كالرق والملك والعتق والحرية وسائر الأحكام الشرعية ككون المحل طاهرا أو نجسا وكون الشخص حرا أو مملوكا مرقوقا ليست من صفات الأعيان المنسوبة إليها بل أثبتها الله تحكما وتعبدا غير معللة لا راد لقضائه ولا معقب لحكمه لا يسال عما يفعل وهم يسألون ولا تصل آراؤنا الكليلة وعقولنا الضعيفة وأفكارنا القاصرة إلى الوقوف على حقائقها وما يتعلق بها من مصالح العباد فذلك حاصل ضمنا",كتب الفقه الحنبلي
وفيات الأعيان وأنباء أبناء الزمان (ترجمه المؤلف),أبو العباس شمس الدين أحمد بن محمد بن إبراهيم بن أبي بكر ابن خلكان البرمكي الإربلي,1,دار صادر - بيروت,٦٨١هـ,http://www.al-ilmiyah.com/Covers/front_medium/978-2-7451-2577-4.jpg,غلاف الكتاب,التراجم والطبقات
وفيات الأعيان وأنباء أبناء الزمان (ترجمه المؤلف),أبو العباس شمس الدين أحمد بن محمد بن إبراهيم بن أبي بكر ابن خلكان البرمكي الإربلي,1,دار صادر - بيروت,٦٨١هـ,https://github.com/Ahmed-Mohamed-Ali2023/heritage-audio-library/blob/main/images/%D8%AA%D8%B1%D8%AC%D9%85%D9%87%20%D8%A7%D9%84%D9%85%D8%A4%D9%84%D9%81%20%D9%83%D8%AA%D8%A7%D8%A8%20%D9%88%D9%81%D9%8A%D8%A7%D8%AA%20%D8%A7%D9%84%D8%A7%D8%B9%D9%8A%D8%A7%D9%86.PNG?raw=true,""" قاضي القضاة شمس الدين ابن خلكان  

أحمد بن محمد بن إبراهيم بن خلكان قاضي القضاة شمس الدين أبو العباس البرمكي الإربلي الشافعي، ولد بإربل سنة ثمان وستمائة وسمع بها "" صحيح البخاري "" من أبي محمد بن هبة الله بن مكرم الصوفي وأجاز له المؤيد الطوسي وعبد المعز الهروي وزينب الشعرية. روى عنه المزي والبرزالي والطبقة، وكان فاضلاً بارعاً متفنناً عارفاً بالمذهب حسن الفتاوي جيد القريحة بصيراً بالعربية علامة في الأدب والشعر وأيام الناس، كثير الاطلاع حلو المذاكرة وافر الحرمة، فيه رياسة كبيرة، له كتاب "" وفيات الأعيان "" وقد اشتهر كثيراً وله مجاميع أدبية. قد الشام في شبيبته وقد تفقه بالموصل على كمال الدين ابن يونس وأخذ بحلب عن القاضي بهاء الدين ابن شداد وغيرهما. ودخل مصر وسكنها مدة وتأهل بها وناب بها في القضاء عن القاضي بدر الدين السنجاري ثم قد الشام على القضاء في ذي الحجة سنة تسع وخمسين منفرداً بالأمر ثم أقيم معه في القضاء ثلاثة سنة أربع وستين وكان ذلك في جمادى الأولى جاء من مصر ثلاثة تقاليد لشمس الدين عبد الله بن محمد بن عطاء الحنفي ولزين الدين عبد السلام الزواوي المالكي ولشمس الدين عبد الرحمن ابن الشيخ أبي عمر الحنبلي فلم يقبل المالكي ووافق الحنفي والحنبلي، وكان الحنفي قبل ذلك نائبا للشافعي، ثم إن الأمر من مصر ورد بإلزام المالكي وامتنع المالكي والحنبلي من أخذ الجامكية وقالا نحن في كفاية. قال شهاب الدين أبو",التراجم والطبقات
وفيات الأعيان وأنباء أبناء الزمان (تحقيق الكتاب),أبو العباس شمس الدين أحمد بن محمد بن إبراهيم بن أبي بكر ابن خلكان البرمكي الإربلي,1,دار صادر - بيروت,٦٨١هـ,https://github.com/Ahmed-Mohamed-Ali2023/heritage-audio-library/blob/main/images/%D8%AA%D8%AD%D9%82%D9%8A%D9%82%20%D8%A7%D9%84%D9%83%D8%AA%D8%A7%D8%A8%20%D9%88%D9%81%D9%8A%D8%A7%D8%AA%20%D8%A7%D9%84%D8%A7%D8%B9%D9%8A%D8%A7%D9%86.PNG?raw=true,"تحقيق الكتاب 
بين عامي ١٨٣٥ و ١٨٥٠، قام الأستاذ فردينند وستنفيلد بنشر كتاب ((وفيات الأعيان)) في اثني عشر جزءاً، وخصص الجزء الثالث عشر لاختلاف القراءات وللزيادات في النسخ المختلفة وللفهارس العامة. وقد اعتمد في طبعته هذه على النسخ الآتية:
١ - النسخة "" أ "": وهي من مخطوطة بليدن نسخ القسم الأعظم منها لورسباخ من مخطوطة كان يملكها شولتز وأخيراً اشترتها مكتبة جوتنجن سنة ١٩١٧؛ وتتألف من ست مجلدات متوسطة الحجم من قطع الربع وفيها بعض صفحات خالية. وكان ما نسخه لورسباخ منها جيداً مساوياً مساوياً للأصل في دقته.
٢ - النسخة "" ب "": وهي من غوطا، وتشمل ما يقارب نصف الكتاب وتنتهي بترجمة أبي محمد عبد الملك بن هشام وتعد من اقدم المخطوطات إذ أنها كتبت بعد وفاة المؤلف باثنتى عشرة سنة إذ في آخرها: "" كتب هذا الكتاب في مساء الأحد لثلاث بقين من جمادى الأول سنة ٦٩٣، وكتبه العبد الفقير أبو الرحى ابن أبي الحسن بن يوسف ابن أبي الرحى بن سعيد الاسرائيلي بدمشق المحروسة عن اصل يملكه القاضي علاء الدين علي بن شمس الدين محمد بن غانم كاتب الديوان "". وهذه النسخة التي كان يملكها القاضي علاء الدين نسخت سنة ٦٩٢ بخط تاج الدين معتوق بن سعد الاسعردي السميساطي وعلى النسخة تملكات مؤرخة آخرها سنة ١٠٣٦، وعلى الصفحة الأولى منها ترجمة لابن خلكان مأخوذة من كتاب "" تذكرة النبيه "" لحسن بن حبيب الكلبي، وعلى هوامشها حواش وتعليقات لبعض العلماء تتفاوت في قيمتها.
٣ - النسخة "" ج "": وهي من برلين، كتبت بخط دقيق وجاءت في مجلد واحد يشمل الكتاب كله وتاريخ نسخها سنة ١٠٨٣، فهي حديثة نسبيا كما أن تراجمها كثيرا ما تكون موجزة.
٤ - النسخة "" د "": وهي من برلين أيضاً وتقع في أربعة أجزاء إلا أن الجزء الرابع فيها ناقص، وهي من أشد النسخ إسهابا في الترجمات ومن أكثرها عدد تراجم وكثيرا ما يختلف ترتيب التراجم فيها عن النسخ الأخرى وقد كتب الجزء الثاني منها سنة ١١٢٦هـ وفي آخر الجزء الثالث عبارة هامة يذكر فيها المؤلف أنه ترك القاهرة لأنه عين قاضيا بدمشق ولهذا توقف عن إتمام الكتاب.
٥ - النسخة "" هـ "": وهي مخطوطة أخرى من غوطا وتاريخ نسخها ١٢٠١.
وقد اختار الأستاذ وستنفيلد الاعتماد على نسخة "" ب "" لأنها أقدم النسخ وخاصة حين تتفق معها نسخة أخرى، ولم يكن يفارق قراءة "" ب "" إلا إذا اتفقت فيها النسخ الأخرى دونها، ويقول أن "" ب "" و "" د "" تتفقان كثيرا في القراءة بينما تتفق "" أ "" و "" ج "" في قراءة أخرى.
وبعد أن مضى شوطا في العمل، اعتمد على مخطوطات أخرى منها "" ف ""، التي تمثل نسخة لبعض أصدقاء المحقق نسخها بخطه عن أصل في باريس. ثم حصل على نسخة ثالثة من غوطا - رقم ٤١٧ - وهي قطعة ناقصة من أولها وآخرها إلا أنها قديمة جيدة الخط والقراءة وهي تكمل النسخة "" ب ""، ويقول أنه لم يستطع الحصول على جميع المخطوطة عند تحقيقه الكتاب وإنما قرأ معضمها وقيد الخلاف بينها وبين سائر المخطوطات.
ويبدو من هذا العرض أن طبعة وستنفيلد تمثل تلفيقا بين هذه المخطوطات العديدة في عدد التراجم لأنه ليست هناك نسخة من النسخ المذكورة قد استوفت ذلك العدد كاملاً. وقد انتهى عدد تراجم الكتاب في هذه الطبعة إلى ٨٦٥ ترجمة، إلا أن بعضها لم يذكر منه إلا الاسم ولم يكتب المؤلف عنه شيئا من الخبر. ويبدو أن هذه العملية التلفيقية أمر لا معدا عنه لأن النسخ الخطية من الكتاب كثيرة جدا ولسنا نعلم أيها يمثل المرحلة الأولى في التأليف وأيها يمثل المرحلة الأخيرة وأيها هو الواقع بين المرحلتين؛ ولهذا آثرت إبقاء ما أختاره وستنفيلد على حاله واستأنست في مراجعة عمله بمخطوطتين:
",التراجم والطبقات
وفيات الأعيان وأنباء أبناء الزمان (حرف الهمزة) أبو ثور صاحب الشافعي,أبو العباس شمس الدين أحمد بن محمد بن إبراهيم بن أبي بكر ابن خلكان البرمكي الإربلي,1,دار صادر - بيروت,٦٨١هـ,https://github.com/Ahmed-Mohamed-Ali2023/heritage-audio-library/blob/main/images/%D8%A7%D8%A8%D9%88%20%D8%AB%D9%88%D8%B1%20%D9%83%D8%AA%D8%A7%D8%A8%20%D9%88%D9%81%D9%8A%D8%A7%D8%AA%20%D8%A7%D9%84%D8%A7%D8%B9%D9%8A%D8%A7%D9%86.PNG?raw=true,"أبو ثور إبراهيم بن خالد بن أبي اليمان الكلبي الفقيه البغدادي صاحب الإمام الشافعي رضي الله عنه وناقل الأقوال القديمة عنه؛ وكان أحد الفقهاء الأعلام والثقات المأمونين في الدين، له الكتب المصنفة في الأحكام جمع فيها بين الحديث والفقه، وكان أول اشتغاله بمذهب أهل الرأي، حتى (٢) قدم الشافعي العراق فاختلف إليه واتبعه ورفض مذهبه الأول، ولم يزل على ذلك إلى أن توفي لثلاث بقين من صفر سنة ست وأربعين ومائتين ببغداد، ودفن بمقبرة باب الكناس (٣) ، رحمه الله تعالى. وقال أحمد بن حنبل: هو عندي في مسلاخ سفيان الثوري، أعرفه بالسنة منذ خمسين سنة.",التراجم والطبقات
وفيات الأعيان وأنباء أبناء الزمان (حرف الهمزة) أبو إسحاق المروزي,أبو العباس شمس الدين أحمد بن محمد بن إبراهيم بن أبي بكر ابن خلكان البرمكي الإربلي,1,دار صادر - بيروت,٦٨١هـ,https://github.com/Ahmed-Mohamed-Ali2023/heritage-audio-library/blob/main/images/%D8%A7%D8%A8%D9%88%20%D8%A7%D8%B3%D8%AD%D8%A7%D9%82%20%D8%A7%D9%84%D9%85%D8%B1%D9%88%D8%B2%D9%8A.PNG?raw=true,"أبو إسحاق إبراهيم بن أحمد بن إسحاق المروزي الفقيه الشافعي؛ إمام
عصره في الفتوى والتدريس، أخذ الفقه عن أبي العباس بن سريج وبرع فيه، وانتهت إليه الرياسة بالعراق بعد ابن سريج، وصنف كتباً كثيرة، وشرح مختصر المزني، وأقام ببغداد دهراً طويلاً يدرس ويفتي، وأنجب من أصحابه خلق كثير، وإليه ينسب درب المروزي ببغداد الذي في قطيعة الربيع (١) . ثم ارتحل إلى مصر في أواخر عمره فأدركه أجله بها فتوفي لتسع خلون من رجب سنة أربعين وثلثمائة، ودفن بالقرب من تربة الإمام الشافعي، رضي الله عنه؛ وقيل: إنه توفي بعد العتمة (٢) من ليلة السبت لإحدى عشرة ليلة خلت من رجب من السنة المذكورة وذكره الخطيب في تاريخه.
والمروزي - بفتح الميم وسكون الراء وفتح الواو وبعدها زاء معجمة - نسبة إلى مرو الشاهجان، وهي إحدى كراسي خراسان أربع مدن: هذه، ونيسابور، وهراة وبلخ. إنما قيل لها مروالشاهجان لتتميز عن مرو الروذ، والشاهجان: لفظ عجمي، تفسيره روح الملك، فالشاه: الملك، والجان: الروح، وعادتهم أن يقدموا ذكر المضاف إليه على المضاف، ومرو هذه بناها الإسكندر ذو القرنين، وهي سرير الملك بخراسان، وزادوا في النسبة إليها زاء كما قالوا في النسبة إلى الري: رازي، وإلى إصطخر: إصطخرزي، على إحدى النسبتين، إلا أن هذه الزيادة تختص ببني آدم عند أكثر أهل العلم بالنسب، ماعدا ذلك لا يزاد فيه الزاء، فيقال: فلان المروزي والثوب وغيره من المتاع مروي - بسكون الراء - وقيل: إنه يقال في الجميع بزيادة الزاء، ولا فرق بينهما، وهو من باب تغيير النسب، وسيأتي في ترجمة القاضي أبي حامد أحمد بن عامر المروروذي الفقيه الشافعي بقية الكلام على هذين البلدين، إن شاء الله تعالى.

",التراجم والطبقات
وفيات الأعيان وأنباء أبناء الزمان (حرف الهمزة) الأستاذ الإسفرايني,أبو العباس شمس الدين أحمد بن محمد بن إبراهيم بن أبي بكر ابن خلكان البرمكي الإربلي,1,دار صادر - بيروت,٦٨١هـ,https://github.com/Ahmed-Mohamed-Ali2023/heritage-audio-library/blob/main/images/%D8%A7%D9%84%D8%A7%D8%B3%D8%AA%D8%A7%D8%B0%20%D8%A7%D9%84%D8%A7%D8%B3%D9%81%D8%B1%D8%A7%D9%8A%D9%86%D9%8A.PNG?raw=true,"أبو إسحاق إبراهيم بن محمد بن إبراهيم بن مهران الإسفرايني الملقب بركن الدين، الفقيه الشافعي المتكلم الأصولي؛ ذكره الحاكم أبو عبد الله، وقال: أخذ عن الكلام والأصول عامة شيوخ نيسابور، وأقر له بالعلم أهل العراق، وخراسان، وله التصانيف الجليلة، منها: كتابه الكبير الذي سماه جامع الحلى في أصول الدين والرد على الملحدين رأيته في خمسة مجلدات، وغير ذلك من المصنفات، وأخذ عنه القاضي أبو الطيب الطبري أصول الفقه بإسفراين (٢) وبنيت له المدرسة المشهورة بنيسابور، وذكره أبو الحسن عبد الغافر الفارسي، في سياق تاريخ نيسابور، فقال في حقه: أحد من بلغ حد الاجتهاد من العلماء لتبحره في العلوم واستجماعه شرائط الإمامة، وكان طراز ناحية الشرق، وكان يقول: أشتهي أن أموت بنيسابور حتى يصلي علي جميع أهل نيسابور فتوفي بها يوم عاشوراء، سنة ثماني عشرة وأربعمائة، ثم نقلوه إلى إسفراين، ودفن في مشهده، رحمة الله تعالى. واختلف إلى مجلسه أبو القاسم القشيري، وأكثر الحافظ أبو بكر البيهقي الرواية عنه في تصانيفه وغيره من المصنفين، رحمهم الله أجمعين، وسمع بخراسان أبا بكر الإسماعيلي، وبالعراق أبا محمد دعلج بن أحمد السجزي وأقرانهما، وسيأتي الكلام على إسفراين في ترجمة الشيخ أبي أحمد بن محمد الإسفرايني.",التراجم والطبقات
وفيات الأعيان وأنباء أبناء الزمان (حرف الهمزة)  أبو اسحاق الشيرازي,أبو العباس شمس الدين أحمد بن محمد بن إبراهيم بن أبي بكر ابن خلكان البرمكي الإربلي,1,دار صادر - بيروت,٦٨١هـ,https://github.com/Ahmed-Mohamed-Ali2023/heritage-audio-library/blob/main/images/%D8%A7%D8%A8%D9%88%20%D8%A7%D8%B3%D8%AD%D8%A7%D9%82%20%D8%A7%D9%84%D8%B4%D9%8A%D8%B1%D8%A7%D8%B2%D9%8A.PNG?raw=true,"الشيخ أبو إسحاق إبراهيم بن علي بن يوسف، الشيرازي، الفيروزأبادي الملقب جمال الدين؛ سكن بغداد، وتفقه على جماعة من الأعيان منهم أبو أحمد عبد الوهاب بن محمد بن أمين وأبو عبد الله محمد بن عبد الله البيضاوي وأبو القاسم منصور بن عمر الكرخي وغيرهم وصحب القاضي أبا الطيب الطبري كثيراً، وانتفع به، وناب عنه في مجلسه، ورتبه معيداً في حلقته، وصار إمام وقته ببغداد، ولما بنى نظام الملك مدرسته ببغداد، ساله أن يتولاها، فلم يفعل، فولاها لأبي نصر ابن الصباغ صاحب الشامل مدة يسيرة، ثم أجاب إلى ذلك فتولاها، ولم يزل بها إلى أن مات، وقد بسطت القول في ذلك في ترجمة الشيخ أبي نصر عبد السيد بن الصباغ، صاحب الشامل، فليطلب منه. وسمع الحديث من أبي بكر أحمد بن محمد بن أحمد بن غالب الخوارزمي البرقاني الحافظ وأبي علي الحسن بن أحمد بن إبراهيم بن شاذان البزار وأبي الفرج محمد بن عبد الله الخرجوشي الشيرازى وغيرهم. وصنف التصانيف المباركة المفيدة، منها: المهذب في المذهب، والتنبيه في الفقه، واللمع وشرحها في أصول الفقه، والنكت في الخلاف، والتبصرة، والمعونة، والتلخيص (٢) ، في الجدل، وغير ذلك، وانتفع به خلق كثير.
وله الشعر الحسن، فمنه:
سألت الناس عن خلٍ وفيٍ ... فقالوا ما إلى هذا سبيل
تمسك إن ظفرت (٣) بذيل (٤) حر ... فإن الحر في الدنيا قليل
وقال الشيخ أبو بكر محمد بن الوليد الطرطوشي الآتي ذكره إن شاء الله تعالى: كان ببغداد شاعراً مفلق، يقال له عاصم، فقال يمدح الشيخ أبا إسحاق قدس الله سره (١) :
تراه من الذكاء نحيف جسمٍ ... عليه من توقده دليل
إذا كان الفتى ضخم المعالي ... فليس يضره (٢) الجسم النحيل وكان في غاية من الورع والتشدد (٣) في الدين، ومحاسنه أكثر من أن تحصر.
ولد في سنة ثلاث وتسعين وثلثمائة بفيروزاباذ، وتوفي ليلة الأحد، الحادي والعشرين من جمادى الآخرة، قاله السمعاني في الذيل، وقيل: في جمادى الأولى، قاله السمعاني أيضا، سنة ست وسبعين وأربعمائة، ببغداد، ودفن من الغد بباب أبرز (٤) ، رحمة الله.
ورثاه أبو القاسم ابن ناقياء، واسمه عبد الله، وسيأتي ذكره إن شاء الله تعالى، بقوله:
أجرى المدامع بالدم المهراق ... خطب أقام قيامة الآماق
ما لليالي لا تؤلف شملها (٥) ... بعد ابن بجدتها أبي إسحاق
إن قيل مات فلم يمت من ذكره ... حي على مر الليالي باقي وذكره محب الدين النجار في تاريخ بغداد، فقال في حقه: إمام أصحاب الشافعي، ومن انتشر فضله في البلاد، وفاق أهل زمانه بالعلم والزهد، وأكثر علماء الأمصار (٦) من تلامذته. ولد بفير وزاباذ، بلدة بفارس، ونشأ بها، ودخل شيراز، وقرأ بها الفقه على أبي عبد الله البيضاوي، وعلى أبي أحمد
",التراجم والطبقات
وفيات الأعيان وأنباء أبناء الزمان (حرف الهمزة) أحمد بن طولون,أبو العباس شمس الدين أحمد بن محمد بن إبراهيم بن أبي بكر ابن خلكان البرمكي الإربلي,1,دار صادر - بيروت,٦٨١هـ,https://github.com/Ahmed-Mohamed-Ali2023/heritage-audio-library/blob/main/images/%D8%A7%D8%AD%D9%85%D8%AF%20%D8%A8%D9%86%20%D8%B7%D9%88%D9%84%D9%88%D9%86.PNG?raw=true,"الأمير أبو العباس أحمد بن طولون، صاحب الديار المصرية والشامية والثغور؛ كان المعتز بالله قد ولاه مصر، ثم استولى على دمشق والشام أجمع وانطاكية والثغور في مدة اشتغال الموفق أبي أحمد طلحة بن المتوكل، وكان نائبا عن أخيه المعتمد على الله الخليفة وهو والد المعتضد بالله، بحرب صاحب الزنج.

وكان أحمد عادلاً جواداً شجاعاً متواضعاً حسن السيرة صادق الفراسة، يباشر الأمور بنفسه ويعمر البلاد ويتفقد أحوال رعاياه ويحب أهل العلم، وكانت له مائدة يحضرها كل يوم الخاص والعام، وكان له ألف دينار في كل شهر للصدقة، فأتاه وكيله يوماً فقال: إني تأتيني المرأة وعليها الإزار وفي يدها خاتم الذهب فتطلب مني، أفأعطيها فقال له: من مد يده إليك فأعطه. وكان مع ذلك كله طائش السيف، قال القضاعي: يقال إنه أحصي من قتله ابن طولون صبراً ومن مات في حبشه فكان عددهم ثمانية عشر ألفا. وكان يحفظ القرآن الكريم، ورزق حسن الصوت، وكان من أدرس الناس القرآن، وبنى الجامع المنسوب إليه الذي بين القاهرة ومصر في سنة تسع وخمسين ومائتين، وهذه الزيادة حكاها الفرغاني في تارخه، وذكر القضاعي في كتاب الخطط أنه شرع في عمارته سنة أربع وستين ومائتين، وفرغ منه في سنة ست وستين ومائتين، والله أعلم، وأنفق على عمارته مائة ألف وعشرين ألف دينارعلى ما حكاه أحمد بن يوسف مؤلف سيرته. وكان أبوه مملوكاً أهداه نوح بن أسد الساماني عامل بخارى إلى المأمون في جملة رقيق حمله إليه في سنة مائتين، ومات طولون في سنة أربعين ومائتين.",التراجم والطبقات
وفيات الأعيان وأنباء أبناء الزمان (حرف الباء) باديس الصنهاجي,أبو العباس شمس الدين أحمد بن محمد بن إبراهيم بن أبي بكر ابن خلكان البرمكي الإربلي,1,دار صادر - بيروت,٦٨١هـ,https://github.com/Ahmed-Mohamed-Ali2023/heritage-audio-library/blob/main/images/%D8%A8%D8%A7%D8%AF%D9%8A%D8%B3.PNG?raw=true,"أبو مناد باديس بن المنصور بن بلكين بن زيري بن مناد الحميري الصنهاجي والد المعز بن باديس الآتي ذكره إن شاء الله تعالى، وبقية نسبه مذكور (٢) في حرف التاء عند ذكر حفيده الأمير تميم؛ كان باديس المذكور يتولى (٣) مملكة (٤) إفريقية نيابة عن الحاكم العبيدي المدعي الخلافة بمصر، ولقبه الحاكم نصير (٥) الدولة، وكانت ولايته بعد أبيه المنصور، وتوفي أبوه يوم الخميس لثلاث خلون من شهر ربيع الأول سنة ست وثمانين وثلثمائة، بقصره الكبير خارج مدينة صبرة (٦) ، ودفن فيه ثاني يوم.
وكان باديس المذكور ملكا كبيرا، حازم الرأي، شديد البأس، إذا هز رمحاً كسره.
ومولده ليلة الأحد لثلاث عشرة ليلة خلت من شهر الأول سنة أربع وسبعين وثلثمائة بآشير، المذكور في ترجمة إبراهيم بن قرقول، ولم يزل على ولايته وأموره جارية على الشداد، ولما كان يوم الثلاثاء التاسع والعشرون من ذي القعدة سنة ست وأربعمائة أمر جنوده بالعرض، فعرضوا بين يديه وهو في قبة السلام جالس إلى وقت الظهر، وسره حسن عسكره وأبهجه زيهم وما كانوا عليه، وانصرف إلى قصره، ثم ركب عشية ذلك النهار (٦) في أجمل
مركوب، ولعب الجيش بين يديه، ثم رجع إلى قصره شديد السرور بما رآه من كمال حاله، وقدم السماط بين يديه فأكل مع خاصته وحاضري مائدته، ثم انصرفوا عنه وقد رأوا من سروره مالم يروه منه قط، فلما مضى مقدار نصف الليل من ليلة الأربعاء سلخ ذي القعدة سنة ست وأربعمائة (١) قضى نحبه، رحمه الله تعالى، فأخفوا امره ورتبوا أخاه كرامت ابن المنصور ظاهر، حتى وصلوا إلى ولده المعز فولوه، وتم له الأمر.
وذكر في كتاب الدول المنقطعة أن سبب موته أنه قصد طرابلس، ولم يزل على قرب منها عازماً على قتالها، وحلف أن لا يرحل عنها حتى يعيدها فدنا للزراعة لسبب اقتضى ذلك تركت شرحه لطوله، قال: فاجتمع أهل البلد عند ذلك إلى المؤدب محرز (٢) وقالوا: يا ولي الله، قد بلغك ما قاله باديس، فادع الله أن يزيل عنا بأسه، فرفع يديه إلى السماء وقال: يارب باديس اكفنا باديس، فهلك في ليلته بالذبحة، والله أعلم.
والصنهاجي - بضم الصاد المهملة وكسرها وسكون النون وفتح الهاء وبعد الألف جيم - هذه النسبة إلى صنهاجة، وهي قبيلة مشهورة من حمير، وهي بالمغرب، وقال ابن دريد: صنهاجة بضم الصاد لا يجوز غير ذلك، وأجاز غيره الكسر، والله أعلم، وضبط أسماء أجداده سيأتي إن شاء الله تعالى.
",التراجم والطبقات
وفيات الأعيان وأنباء أبناء الزمان (حرف الباء) أبو غالب التياني,أبو العباس شمس الدين أحمد بن محمد بن إبراهيم بن أبي بكر ابن خلكان البرمكي الإربلي,1,دار صادر - بيروت,٦٨١هـ,https://github.com/Ahmed-Mohamed-Ali2023/heritage-audio-library/blob/main/images/%D8%A7%D8%A8%D9%88%20%D8%BA%D8%A7%D9%84%D8%A8.PNG?raw=true,"أبو غالب تمام بن غالب بن عمر اللغوي المعروف بالتياني من أهل قرطبة سكن مرسية؛ كان إمامًا في اللغة وثقة في إيرادها، مذكورًا بالديانة والفقه والورع، وله كتاب مشهور جمعة في اللغة لم يؤلف مثله اختصارا وإكثارا، وله قصة تدل على دينه مع علمه (٢)، حكى ابن الفرضي أن الأمير أبا الجيش مجاهد بن عبد الله العامري وجه إلى أبي غالب المذكور أيام غلبته على مرسية، وأبو غالب ساكن بها، ألف دينار على أن يزيد في ترجمة هذا الكتاب مما ألفه أبو غالب لأبي الجيش مجاهد، فرد الدنانير وقال: والله لو بذلت لي الدنيا على ذلك لم أفعله، ولا استجزت الكذب، فإني لم أؤلفه لك خاصة، ولكن للناس عامة؛ فاعجب لهمة هذا الرئيس وعلوها، واعجب لنفس هذا العالم ونزاهتها. وقال ابن حيان: كان أبو غالب هذا مقدما في علم اللسان مسلمة له اللغة، وله كتاب جامع في اللغة سماه «تلقيح العين» (٣) جم الإفادة.",التراجم والطبقات
وفيات الأعيان وأنباء أبناء الزمان (حرف الباء) جعفر الصادق,أبو العباس شمس الدين أحمد بن محمد بن إبراهيم بن أبي بكر ابن خلكان البرمكي الإربلي,2,دار صادر - بيروت,٦٨١هـ,https://github.com/Ahmed-Mohamed-Ali2023/heritage-audio-library/blob/main/images/%D8%AC%D8%B9%D9%81%D8%B1%20%D8%A7%D9%84%D8%B5%D8%A7%D8%AF%D9%82.PNG?raw=true,"جعفر الصادق
أبو عبد الله جعفر الصادق بن محمد الباقر بن علي زين العابدين بن الحسين بن علي بن أبي طالب، رضي الله عنهم أجمعين؛ أحد الأئمة الاثني عشر على مذهب الإمامية، وكان من سادات أهل البيت ولقب بالصادق لصدقه في مقالته وفضلُه أشهر من أن يذكر، وله كلام في صنعة الكيمياء والزجر والفأل، وكان تلميذه أبو موسى جابر بن حيان الصوفي الطرسوسي (٢) قد ألف كتابًا يشتمل على ألف ورقة تتضمن رسائل جعفر الصادق وهي خمسمائة رسالة.
وكانت ولادته سنة ثمانين للهجرة، وهي سنة سيل الجحاف، وقيل: بل ولد يوم الثلاثاء قبل طلوع الشمس ثامن شهر رمضان سنة ثلاث وثمانين.
وتوفي في شوال سنة ثمان وأربعين ومائة بالمدينة، ودفن بالبقيع في قبر فيه أبوه محمد الباقر وجده علي زين العابدين وعم جده الحسن بن علي، رضي الله عنهم أجمعين، فلله دره من قبر ما أكرمه وأشرفه.",التراجم والطبقات
طبقات الشعراء لابن المعتز (الغلاف), عبد الله بن محمد ابن المعتز العباسي,464,دار المعارف - القاهرة,296 هـ,https://github.com/Ahmed-Mohamed-Ali2023/heritage-audio-library/blob/main/images/%D8%B7%D8%A8%D9%82%D8%A7%D8%AA%20%D8%A7%D9%84%D8%B4%D8%B9%D8%B1%D8%A7%D8%A1%20%D8%BA%D9%84%D8%A7%D9%81.jpg?raw=true,"بسم الله الرحمن الرحيم
وبه نستعين
الحمد لله الذي أقحم مصاقع الفصحاء بمعجز كلامه، وأخرس شقاشق البلغاء بترتيبه ونظامه، وبهر العرب العرباء باختراع مفتحه وختامه، الذي لا يرتقي نز الأوهام إلى زلازل كنه جبروته، ولا يستحوذ لهام الأفهام على سبر نقطة من مساحة بيداء ملكوته، ولا تؤمل أفكار الحكماء الراسخين، إدراك لمعة من أثيريات لاهوته.
ميز نوع الإنسان عن جنسه بفصل الكلام، وفضلّ منه صنف الملوك فعظمت فضائلهم المشتركة بين الخاص والعام. واختص من خلقه نبينا محمدًا عليه أفضل الصلاة والسلام.
أحمده حمد معترف بالقصور عن أداء ما يجب منه عليه، وأشكره شكر مغترف من بحور فضله منيبًا بكليته إليه. والصلاة والسلام على من اهتزت بأرواح نصرة أعطاف دولة العرب، فماج بها خضم دول الأكاسرة والقياصرة فاضطرب، وخضع من إعمال حسامه ربّ التاج والسرير لصاحب
الشاة والبعير، فعطست العرب فرحًا بأنف العز الشامخ، وجرت مرحًا ذيل الشرف الباذخ الذي أبكى بمولده عيون الكفرة فخمدت نار فارس، وضعضع دعائم الفجرة فأصبح إيوان كسرى وهو طلل دارس، محمد المبعوث لامتطاء العباد جادة الرشاد، المبلغ عن الخالق إلى الخلائق قوانين الصواب والقواعد السداد، وعلى آله الذين شيدوا من بيوت الدين قواعد، وشرفوا بأقدامهم أعواد المنابر وساحات المساجد، وأصحابه أئمة الدين ورؤساء أهل اليقين بدور التمام ومصابيح الظلام، ما لمع البرق وغنّى الحمام، وأضحك الروض بكاء الغمام وبعد: فيقول أفقر العباد إلى الله عبد الله بن المعتز بالله بن المتوكل على الله بن محمد المعتصم بالله بن الرشيد بن هارون بن المهدي محمد بن أبي جعفر المنصور عبد الله بن محمد بن علي بن عبد الله بن العباس رضي الله عنه: عقد الفكر طرفي ليلة بالنجوم، لوارد ورد عليّ من الهموم، نفض عن عيني كحل الرقاد، وألبس مقلتي حلل السهاد، فتأملت فخطر على الخاطر في بعض الأفكار، أن أذكر في نسخة ما وضعته الشعراء من الأشعار، في مدح الخلفاء والوزراء والأمراء من بني العباس، ليكون مذكورًا عند الناس، متابعًا لما ألفه ابن نجيم قبلي بكتابه المسمى طبقات الشعراء الثقات، مستعينًا بالله المسهل الحاجات، وسميته طبقات الشعراء المتكلمين، من الأدباء المتقدمين.
فكان أول ترجمة ابن نجيم بشار بن برد وما له من الأشعار والآثار فنظرت في ذلك أن أجمعهم في هذا الكتاب، فرأيت الاختصار لأشعارهم عين الصواب، ولو اقتصيت جميع ما لهم من الأشعار لطال الكتاب، وخرج عن حد القصد، فاختصرت ذلك وذكرت ما كان شاذًا من دواوينهم، وما لم يذكر في الكتب من أشعارهم، واقتصرت على ما كان من مطولات قصائدهم، وبالله الاستعانة والتوفيق، وإليه المرجع والمآب، وما توفيقي إلا بالله، وعليه فليتوكل المتوكلون، ومنه يطلب الطالبون، وهو حسبي ونعم الوكيل، نعم المولى ونعم النصير.",التراجم والطبقات
طبقات الشعراء لابن المعتز, عبد الله بن محمد ابن المعتز العباسي,465,دار المعارف - القاهرة,297 هـ,https://github.com/Ahmed-Mohamed-Ali2023/heritage-audio-library/blob/main/images/%D8%A7%D8%AE%D8%A8%D8%A7%D8%B1%20%D8%A7%D8%A8%D9%86%20%D9%87%D8%B1%D9%85%D9%87.PNG?raw=true,"أخبار ابن هرمة
هو إبراهيم بن علي بن سلمة بن عامر بن هرمة القرشي، أحد بني قيس بن الحارث بن فهر، ويقال لهم: الخلج. حجازي سكن المدينة، ويكنى أبا إسحاق.
قال الأصمعي: ختم الشعر بابن هرمة، فإنه مدح ملوك بني مروان، وبقي إلى آخر أيام المنصور.
فمن شعره في عبد الواحد بن سليمان:
إذا قيل من خير من يجتدى ... لمعترّ فهرٍ ومحتاجها
ومن يعجل الخيل يوم الوغى ... بإلجامها قبل إسراجها
أشارت نساء بني مالك ... إليك بها قبل أزواجها
وكانت له مدائح في عبد الله بن حسن بن حسن بن علي بن أبي طالب وفي حسن بن زيد عليهما السلام، وكان منقطعًا إليهما، فلما خرج محمد ابن عبد الله علي المنصور قعد عنه وقيل له يومًا، وقد أتهم في التشيع أنت القائل:
ومهما ألام على حبّة ... فإني أحبّ بني فاطمة بني بنت من جاء بالمحكما ... ت والدين والسنة القائمة
فقال: قائلها من عضَ بظر أمه، فقال له ابنه، يا أبت ألست تقولهما في وقت كذا وكذا؟ فقال: يا بني أيهما خير، أعض بظر أمي، أم يأخذني ابن قحطبة؟ وله في الحكم بن المطلب يمدحه:
لا عيب يوجد فيك إلا أنني ... أمسى عليك من المنون شفيقا
قال ابن المعتز: ومما يستجاد من شعره قوله:
قد يدرك الشرف الفتى ورداؤه ... خلق وجيب قميصه مرقوع",التراجم والطبقات
طبقات الشعراء لابن المعتز (اخبار سلم الخاسر), عبد الله بن محمد ابن المعتز العباسي,466,دار المعارف - القاهرة,298 هـ,https://github.com/Ahmed-Mohamed-Ali2023/heritage-audio-library/blob/main/images/%D8%B3%D9%84%D9%85%20%D8%A7%D9%84%D8%AE%D8%A7%D8%B3%D8%B1.PNG?raw=true,"وهو سلم بن عمرو
حدثني الخاسر خالي. فقلت له: جعلت فداك، لم سمي الخاسر؟ فضحك وقال: سمي الخاسر لأنه تقرَّأ فبقي في تقرئه مدة يسيرة. فرقت حاله فاغتم لذلك، ورجع إلى شيء مما كان عليه من الفسق والمجون، وباع مصحفًا كان ورثه من أبيه، فاشترى بثمنه طنبورًا - وقيل: باع مصحفًا واشترى بثمنه دفتر شِعْر - فشاخ بالناس خبره، فسمي الخاسر بذلك، وقيل له: ويلك، في الدنيا أحد فعل ما فعلت؟ تبيع مصحفًا وتشتري بثمنه طنبورًا فقال: ما تقرب أحد إلى إبليس بمثل ما تقربت إليه، فإني أقررت عينه.
وقد قيل: إنما فعل ذلك مجونًا، ولم يكن رديء الدين. وأما الذين زعموا أنه اشترى بثمن المصحف الشعر، فقد رووا في أخباره أنه لما أفاد من الخلفاء والبرامكة بشعره ما أفاد من الأموال الجليلة قال: أنا الرابح ولست بالخاسر.
وكان من المطبوعين المجيدين. وكان تلميذًا لبشار بن برد الأعمى، ولما قال بشار بيته هذا:
من راقب الناس لم يظفر بحاجته ... وفاز بالطيبات الفاتك اللهجُ",التراجم والطبقات
طبقات الشعراء لابن المعتز (العماني) , عبد الله بن محمد ابن المعتز العباسي,467,دار المعارف - القاهرة,299 هـ,https://github.com/Ahmed-Mohamed-Ali2023/heritage-audio-library/blob/main/images/%D8%A7%D9%84%D8%B9%D9%85%D8%A7%D9%86%D9%8A.PNG?raw=true,"أخبار العماني
واسمه محمد بن ذؤيب، وهو من بني نهشل بن دارم من بني فقيم. حدَّثني أبو مالك عبيد الله بن محمد قال: حدثني بن الرياشي قال: قال الأصمعي: مات العماني وهو ابن ثلاثين ومائة سنة، ولم يكن عمانيًا، وإنما غلب عليه العماني. وكان السبب في ذلك أن دكينًا الراجز نظر إليه وهو يسقي الإبل ويرتجز، فرآه مصفرًا ضريرًا فقال: من هذا العماني؟ لصفرة وجهه، فلزمه ذلك.
قال الرياشي: قال الأصمعي: دخل العماني على الرشيد لينشده، وعليه قلنسوة طويلة، وخف ساذج، فقال له الرشيد: إياك أن تنشدني إلا وعليك عمامة عظيمة وخفان دلقمان.",التراجم والطبقات
طبقات الشعراء لابن المعتز (أخبار أبي يعقوب الخريمي) , عبد الله بن محمد ابن المعتز العباسي,468,دار المعارف - القاهرة,300 هـ,https://github.com/Ahmed-Mohamed-Ali2023/heritage-audio-library/blob/main/images/%D8%A7%D8%AE%D8%A8%D8%A7%D8%B1%20%D8%A7%D8%A8%D9%8A%20%D9%8A%D8%B9%D9%82%D9%88%D8%A8%20%D8%A7%D9%84%D8%AE%D8%B1%D9%8A%D9%85%D9%8A.PNG?raw=true,"أخبار أبي يعقوب الخريمي
وكان من نسل الأتراك. حدثني إبراهيم بن منصور عن إبراهيم بن الحكم قال: قلت لأبي يعقوب: مديحك لأبي الهيذام ولمحمد بن منصور بن زياد في حياتهما أجود أم مراثيك لهما بعد وفاتها؟ فقال: يا مجنون، أين يقع شعر الندم والرعاية من شعر المودة إذا صادفت الرغبة.
وحدثني المبرد قال: كان الخريمي شاعرًا مفلقًا مقتدرًا على الشعر، وكان يمدح الخلفاء والوزراء والأشراف فيعطي الكثير، وله في الغزل ملح كثيرة، ومحاسن جمة، وهو القائل يفتخر:
ثقي بجميل الصبر مني على الدهر ... ولا تثقي بالصبر مني على الهجر
أصابت فؤادي بعد خمسين حجة ... عيون الظباء العفر بالبلد القفر
ومنها:
ولست بنظار إلى جانب الغنى ... إذا كانت العلياء من جانب الفقر
ولكنني مر العداوة واتر ... كثير ذنوب الشعر والأسل السمر
رميت بها أركان قيس بن جحدر ... فطحطتها قذف المجانيق بالصخر",التراجم والطبقات
لسان العرب," محمد بن مكرم بن على، أبو الفضل، جمال الدين ابن منظور الأنصاري الرويفعى الإفريقى",466, دار صادر - بيروت,١٤١٤ هـ,https://github.com/Ahmed-Mohamed-Ali2023/heritage-audio-library/blob/main/images/%D9%84%D8%B3%D8%A7%D9%86%20%D8%A7%D9%84%D8%B9%D8%B1%D8%A8.PNG?raw=true,"ـ[لسان العرب]ـ
المؤلف: محمد بن مكرم بن على، أبو الفضل، جمال الدين ابن منظور الأنصاري الرويفعى الإفريقى (المتوفى: ٧١١هـ)
الناشر: دار صادر - بيروت
الطبعة: الثالثة - ١٤١٤ هـ
عدد الأجزاء: ١٥
[ترقيم الكتاب موافق للمطبوع، ومذيل بحواشي اليازجي وجماعة من اللغويين]",المعاجم
ĀB i. The concept of water in ancient Iranian culture,Encyclopaedia Iranica,2,Encyclopaedia Iranica,1982م,https://github.com/Ahmed-Mohamed-Ali2023/heritage-audio-library/blob/main/images/%D8%A7%D9%84%D9%85%D8%A7%D8%A1%20%D9%81%D9%8A%20%D8%A7%D9%84%D8%AB%D9%82%D8%A7%D9%81%D8%A9%20%D8%A7%D9%84%D8%A7%D9%8A%D8%B1%D8%A7%D9%86%D9%8A%D8%A9.PNG?raw=true,"ĀB “water.”

i. The concept of water in ancient Iranian culture

Zoroastrians, it has been said, could as justly be termed worshippers of water as of fire; and in revering this element they plainly continued an even more ancient tradition. The ancient Iranians respected water as the source of life, which nourished plants, animals, and men. In their cosmology water was the second of the seven “creations” (Pahl. dahišnān) into which the world was divided. Water filled the lower half of the spherical “sky,” all of it thus lying beneath the earth. There was one great sea, called in Avestan Vourukaša (Pahl. Varkaš or Fraxvkard), which was “the gathering place of the waters” (Vd. 21.15). This was fed by a mythical river, *Harahvatī Arədvī Sūrā (see Ardwīsūr); and two other rivers flowed out from it, the Vaŋhvī Dāityā (Pahl. Veh Dāiti or Veh Rōd) to the east and the Raŋha (Arang) to the west. According to Bundahišn 11.100.2 and 28.8, these rivers, which encircle the earth, were cleansed in the tidal sea Pūtika (Pahl. Pūtīk); and their waters then flowed back into Vourukaša (Vd. 5.18-19; Bd. 10.8-9). In the center of Vourukaša rose the mountain Us.həndava, around whose summit gathered vapors which were scattered as rain clouds (Bd. 9.8). Hence all the water that flowed in or descended on the earth came from Vourukaša, and the smallest spring or dewdrop could be regarded as representing the whole creation of water. Since the creation was essential to their life, the ancient Iranians evidently made offerings to it, to keep it pure and vivifying.

The use of water in libations has continued in Zoroastrianism up to the present (see Āb-zōhr). It is poured on the ground before a sacrifice or at the beginning of certain acts of worship. Because of its sacredness it should never be drawn from well or stream during hours of darkness, which are demon-haunted; nor can āb-zōhr ever be offered by night. Apart from the āb-zōhr, made directly to water itself, other sacrifices (including the blood sacrifice) were offered to divinities connected with water, namely, Ābān, Apąm Napāt, and Arədvī Sūrā. In Zoroaster’s own teachings the creation of water was assigned to the guardianship of Haurvatāt (Hordād); its ancient sanctity was thus reinforced.ĀB “water.”

i. The concept of water in ancient Iranian culture

Zoroastrians, it has been said, could as justly be termed worshippers of water as of fire; and in revering this element they plainly continued an even more ancient tradition. The ancient Iranians respected water as the source of life, which nourished plants, animals, and men. In their cosmology water was the second of the seven “creations” (Pahl. dahišnān) into which the world was divided. Water filled the lower half of the spherical “sky,” all of it thus lying beneath the earth. There was one great sea, called in Avestan Vourukaša (Pahl. Varkaš or Fraxvkard), which was “the gathering place of the waters” (Vd. 21.15). This was fed by a mythical river, *Harahvatī Arədvī Sūrā (see Ardwīsūr); and two other rivers flowed out from it, the Vaŋhvī Dāityā (Pahl. Veh Dāiti or Veh Rōd) to the east and the Raŋha (Arang) to the west. According to Bundahišn 11.100.2 and 28.8, these rivers, which encircle the earth, were cleansed in the tidal sea Pūtika (Pahl. Pūtīk); and their waters then flowed back into Vourukaša (Vd. 5.18-19; Bd. 10.8-9). In the center of Vourukaša rose the mountain Us.həndava, around whose summit gathered vapors which were scattered as rain clouds (Bd. 9.8). Hence all the water that flowed in or descended on the earth came from Vourukaša, and the smallest spring or dewdrop could be regarded as representing the whole creation of water. Since the creation was essential to their life, the ancient Iranians evidently made offerings to it, to keep it pure and vivifying.

The use of water in libations has continued in Zoroastrianism up to the present (see Āb-zōhr). It is poured on the ground before a sacrifice or at the beginning of certain acts of worship. Because of its sacredness it should never be drawn from well or stream during hours of darkness, which are demon-haunted; nor can āb-zōhr ever be offered by night. Apart from the āb-zōhr, made directly to water itself, other sacrifices (including the blood sacrifice) were offered to divinities connected with water, namely, Ābān, Apąm Napāt, and Arədvī Sūrā. In Zoroaster’s own teachings the creation of water was assigned to the guardianship of Haurvatāt (Hordād); its ancient sanctity was thus reinforced.",الموسوعات
Appointment as Judge/Qazi (Karaskan Sayyids),,1,Digital Persian Archive, 1039 هـ,https://asnad.org/media/facsimiles/sanad_001138-01.jpg,"هو
صدر حكم عالٍ يقضي بأن:
بما أن قضاء منطقة كراسكَان يجب أن يكون وفق النظام القديم،
فقد تم بموجب أمر كريم من الجناب العالي، ملاذ الحقائق، كمال الدين خواجه، التلطف بشأن ذلك،
فيجب على قضاة ولاية أخسيكت أن يعتبروا الأمر خاصًا بالمذكور،
ولا يحق لأي شخص، مهما كان، التدخل فيه أو إزعاجه،
ولا يعارض أحد في المهام الموكلة إليه في هذا الباب، ولا يتم التهاون في هذا الأمر.

السنة 1039 هـ (1629–1630 م)", المراسيم والفرمانات الإمبراطورية والملكية
 السنن المأثورة (بَابُ مَا جَاءَ فِي الصَّلَاةِ فِي السَّفَرِ),للإمام محمد بن إدريس الشافعي,445, دار المعرفة - بيروت,١٤٠٦ هـ ,https://github.com/Ahmed-Mohamed-Ali2023/heritage-audio-library/blob/main/images/%D8%A7%D9%84%D8%B3%D9%86%D9%86%20%D8%A7%D9%84%D9%85%D8%A3%D8%AB%D9%88%D8%B1%D8%A9%20%D9%84%D9%84%D8%B4%D8%A7%D9%81%D8%B9%D9%8A.PNG?raw=true,"الكتاب: السنن المأثورة - للإمام محمد بن إدريس الشافعي (١٥٠ - ٢٠٤ هـ)
رِواية: أبي جعفر الطحاوي الحنفي
عن خاله: إسماعيل بن يحيى المزني (تلميذ الشافعي)
تحقيق: د عبد المعطي أمين قلعجي",كتب السنه
 السنن المأثورة,للإمام محمد بن إدريس الشافعي,119, دار المعرفة - بيروت,١٤٠٧ هـ ,https://github.com/Ahmed-Mohamed-Ali2023/heritage-audio-library/blob/main/images/%D8%A8%D9%8E%D8%A7%D8%A8%D9%8F%20%D9%85%D9%8E%D8%A7%20%D8%AC%D9%8E%D8%A7%D8%A1%D9%8E%20%D9%81%D9%90%D9%8A%20%D8%A7%D9%84%D8%B5%D9%91%D9%8E%D9%84%D9%8E%D8%A7%D8%A9%D9%90%20%D9%81%D9%90%D9%8A%20%D8%A7%D9%84%D8%B3%D9%91%D9%8E%D9%81%D9%8E%D8%B1%D9%90.PNG?raw=true,"بَابُ مَا جَاءَ فِي الصَّلَاةِ فِي السَّفَرِ
١٢ - أَنْبَأَنَا إِسْمَاعِيلُ بْنُ إِبْرَاهِيمَ ⦗١١٩⦘، قَالَ: حَدَّثَنَا عَلِيُّ بْنُ زَيْدِ بْنِ جُدْعَانَ، عَنْ أَبِي نَضْرَةَ، قَالَ: مَرَّ عِمْرَانُ بْنُ حُصَيْنٍ بِمَجْلِسِنَا، فَقَامَ إِلَيْهِ فَتًى مِنَ الْقَوْمِ، فَسَأَلَهُ عَنْ صَلَاةِ رَسُولِ اللَّهِ ﷺ فِي الْغَزْوِ وَالْحَجِّ وَالْعُمْرَةِ، فَجَاءَ فَوَقَفَ عَلَيْنَا، فَقَالَ: إِنَّ هَذَا سَأَلَنِي عَنْ أَمْرٍ، فَأَرَدْتُ أَنْ تَسْمَعُوهُ، أَوْ كَمَا قَالَ:، غَزَوْتُ مَعَ رَسُولِ اللَّهِ ﷺ، فَلَمْ يُصَلِّ إِلَّا رَكْعَتَيْنِ حَتَّى رَجَعَ إِلَى الْمَدِينَةِ، وَحَجَجْتُ مَعَهُ، فَلَمْ يُصَلِّ إِلَّا رَكْعَتَيْنِ حَتَّى رَجَعَ إِلَى الْمَدِينَةِ، وَشَهِدْتُ مَعَهُ الْفَتْحَ، فَأَقَامَ بِمَكَّةَ ثَمَانِ عَشْرَةَ لَيْلَةً، لَا يُصَلِّي إِلَّا رَكْعَتَيْنِ، ثُمَّ يَقُولُ لِأَهْلِ الْبَلَدِ: «صَلُّوا أَرْبَعًا، فَإِنَّا سَفْرٌ»، وَاعْتَمَرْتُ مَعَهُ ثَلَاثَ عُمَرٍ لَا يُصَلِّي إِلَّا رَكْعَتَيْنِ وَحَجَجْتُ مَعَ أَبِي بَكْرٍ، وَغَزَوْتُ، فَلَمْ يُصَلِّ إِلَّا رَكْعَتَيْنِ حَتَّى رَجَعَ إِلَى الْمَدِينَةِ، وَحَجَجْتُ مَعَ عُمَرَ بْنِ الْخَطَّابِ حَجَّاتٍ، فَلَمْ يُصَلِّ إِلَّا رَكْعَتَيْنِ حَتَّى رَجَعَ إِلَى الْمَدِينَةِ، وَحَجَّ عُثْمَانُ سَبْعَ سِنِينَ مِنْ إِمَارَتِهِ لَا يُصَلِّي إِلَّا رَكْعَتَيْنِ، ثُمَّ صَلَّاهَا بِمِنًى أَرْبَعًا
١٣ - وَأَنْبَأَنَا عَبْدُ الْوَهَّابِ بْنُ عَبْدِ الْمَجِيدِ الثَّقَفِيُّ، عَنْ أَيُّوبَ السَّخْتِيَانِيِّ، عَنْ مُحَمَّدِ بْنِ سِيرِينَ، عَنِ ابْنِ عَبَّاسٍ، رضي الله عنه أَنَّ رَسُولَ اللَّهِ ﷺ كَانَ يُسَافَرُ مِنَ الْمَدِينَةِ إِلَى مَكَّةَ آمِنًا لَا يَخَافُ إِلَّا اللَّهَ عز وجل، يُصَلِّي رَكْعَتَيْنِ",كتب السنه
 السنن المأثورة (بَابُ مَا جَاءَ فِي صَلَاةِ الْكُسُوفِ),للإمام محمد بن إدريس الشافعي,139, دار المعرفة - بيروت,١٤٠٨ هـ ,https://github.com/Ahmed-Mohamed-Ali2023/heritage-audio-library/blob/main/images/%D8%A8%D9%8E%D8%A7%D8%A8%D9%8F%20%D9%85%D9%8E%D8%A7%20%D8%AC%D9%8E%D8%A7%D8%A1%D9%8E%20%D9%81%D9%90%D9%8A%20%D8%B5%D9%8E%D9%84%D9%8E%D8%A7%D8%A9%D9%90%20%D8%A7%D9%84%D9%92%D9%83%D9%8F%D8%B3%D9%8F%D9%88%D9%81%D9%90.PNG?raw=true,"بَابُ مَا جَاءَ فِي صَلَاةِ الْكُسُوفِ
٤٦ - أَنْبَأَنَا مَالِكُ بْنُ أَنَسٍ، عَنْ هِشَامِ بْنِ عُرْوَةَ، عَنْ أَبِيهِ، عَنْ عَائِشَةَ، أَنَّهَا قَالَتْ: خُسِفَتِ الشَّمْسُ فِي عَهْدِ رَسُولِ اللَّهِ ﷺ، فَصَلَّى رَسُولُ اللَّهِ ﷺ بِالنَّاسِ، فَقَامَ، فَأَطَالَ الْقِيَامَ، ثُمَّ رَكَعَ فَأَطَالَ الرُّكُوعَ، ثُمَّ قَامَ فَأَطَالَ الْقِيَامَ وَهُوَ دُونَ الْقِيَامِ الْأَوَّلِ، ثُمَّ رَكَعَ فَأَطَالَ الرُّكُوعَ وَهُوَ دُونَ الرُّكُوعِ الْأَوَّلِ، ثُمَّ رَفَعَ فَسَجَدَ، ثُمَّ فَعَلَ ذَلِكَ فِي الرَّكْعَةِ الْأُخْرَى مِثْلَ ذَلِكَ، ثُمَّ انْصَرَفَ، وَقَدْ تَجَلَّتِ الشَّمْسُ، فَخَطَبَ النَّاسَ، فَحَمِدَ اللَّهَ وَأَثْنَى عَلَيْهِ، ثُمَّ قَالَ: «إِنَّ الشَّمْسَ وَالْقَمَرَ آيَتَانِ مِنْ آيَاتِ اللَّهِ عز وجل، لَا يَخْسِفَانِ لِمَوْتِ أَحَدٍ وَلَا لِحَيَاتِهِ، فَإِذَا رَأَيْتُمْ ذَلِكَ فَادْعُوا اللَّهَ وَكَبِّرُوا وَتَصَدَّقُوا»، وَقَالَ: «يَا أُمَّةَ مُحَمَّدٍ، وَاللَّهِ، مَا مِنْ أَحَدٍ أَغْيَرَ مِنَ اللَّهِ عز وجل أَنْ يَزْنِيَ عَبْدُهُ أَوْ تَزْنِيَ أَمَتُهُ، يَا أُمَّةَ مُحَمَّدٍ، لَوْ تَعْلَمُونَ مَا أَعْلَمُ، لَضَحِكْتُمْ قَلِيلًا، وَلَبَكَيْتُمْ كَثِيرًا»",كتب السنه
 السنن المأثورة (بَابُ صيام رمضانِ),للإمام محمد بن إدريس الشافعي,232, دار المعرفة - بيروت,١٤٠٩ هـ ,https://github.com/Ahmed-Mohamed-Ali2023/heritage-audio-library/blob/main/images/%D8%A8%D8%A7%D8%A8%20%D8%B5%D9%8A%D8%A7%D9%85%20%D8%B1%D9%85%D8%B6%D8%A7%D9%86.PNG?raw=true,"بَاب صِيَام رَمَضَان
١٦٧ - حَدَّثَنَا سُفْيَانُ بْنُ عُيَيْنَةَ، عَنِ الزُّهْرِيِّ، عَنْ أَبِي سَلَمَةَ، عَنْ أَبِي هُرَيْرَةَ، أَنَّ النَّبِيَّ ﷺ قَالَ: «مَنْ صَامَ شَهْرَ رَمَضَانَ إِيمَانًا وَاحْتِسَابًا غُفِرَ لَهُ مَا تَقَدَّمَ مِنْ ذَنْبِهِ»
١٦٨ - أَنْبَأَنَا مَالِكُ، عَنِ ابْنِ شِهَابٍ، عَنْ حُمَيْدِ بْنِ عَبْدِ الرَّحْمَنِ، عَنْ أَبِي هُرَيْرَةَ، أَنَّ رَسُولَ اللَّهِ ﷺ قَالَ: «مَنْ صَامَ رَمَضَانَ إِيمَانًا وَاحْتِسَابًا غُفِرَ لَهُ مَا تَقَدَّمَ مِنْ ذَنْبِهِ»",كتب السنه
 السنن المأثورة (باب الجها ),للإمام محمد بن إدريس الشافعي,432, دار المعرفة - بيروت,١٤١٠ هـ ,https://github.com/Ahmed-Mohamed-Ali2023/heritage-audio-library/blob/main/images/%D8%A8%D8%A7%D8%A8%20%D8%A7%D9%84%D8%AC%D9%87%D8%A7%D8%AF.PNG?raw=true,"بَابُ الْجِهَادِ
٦٤٤ - أَنْبَأَنَا مَالِكٌ، عَنْ يَحْيَى بْنِ سَعِيدٍ، عَنِ ابْنِ كَثِيرِ بْنِ أَفْلَحَ، عَنْ أَبِي مُحَمَّدٍ، مَوْلَى أَبِي قَتَادَةَ، عَنْ أَبِي قَتَادَةَ الْأَنْصَارِيِّ، أَنَّهُ قَالَ: خَرَجْنَا مَعَ رَسُولِ اللَّهِ ﷺ عَامَ حُنَيْنٍ فَلَمَّا الْتَقَيْنَا كَانَتْ لِلْمُسْلِمِينَ جَوْلَةٌ قَالَ: فَرَأَيْتُ رَجُلًا مِنَ الْمُشْرِكِينَ قَدْ عَلَا رَجُلًا مِنَ الْمُسْلِمِينَ قَالَ: فَاسْتَدَرْتُ لَهُ حَتَّى أَتَيْتُهُ مِنْ وَرَائِهِ حَتَّى ضَرَبْتُهُ عَلَى حَبْلِ عَاتِقِهِ ضَرْبَةً فَأَقْبَلَ عَلَيَّ فَضَمَّنِي ضَمَّةً حَتَّى وَجَدْتُ مِنْهَا رِيحَ الْمَوْتِ ثُمَّ أَدْرَكَهُ الْمَوْتُ فَأَرْسَلَنِي فَلحِقْتُ عُمَرَ بْنَ الْخَطَّابِ فَقُلْتُ: مَا بَالُ النَّاسِ فَقَالَ أَمْرُ اللَّهِ عز وجل ثُمَّ إِنَّ النَّاسَ رَجَعُوا فَقَالَ رَسُولُ اللَّهِ ﷺ: «مَنْ قَتَلَ قَتِيلًا لَهُ عَلَيْهِ بَيِّنَةٌ فَلَهُ سَلَبُهُ» فَقُمْتُ فَقُلْتُ: مَنْ يَشْهَدُ لِي؟ ثُمَّ جَلَسْتُ ثُمَّ قَالَ رَسُولُ اللَّهِ ﷺ ⦗٤٣٣⦘: «مَنْ قَتَلَ قَتِيلًا لَهُ عَلَيْهِ بَيِّنَةٌ فَلَهُ سَلَبُهُ» فَقُمْتُ وَقُلْتُ: مَنْ يَشْهَدُ لِي؟ ثُمَّ جَلَسْتُ ثُمَّ قَالَ فِي الثَّالِثَةِ فَقُمْتُ فَقَالَ رَسُولُ اللَّهِ ﷺ: «مَا لَكَ يَا أَبَا قَتَادَةَ؟» فَاقْتَصَصْتُ عَلَيْهِ الْقِصَّةَ فَقَالَ رَجُلٌ مِنَ الْقَوْمِ: صَدَقَ يَا رَسُولَ اللَّهِ وَسَلَبُ ذَلِكَ الْقَتِيلِ عِنْدِي فَأَرْضِهِ مِنْهُ قَالَ أَبُو بَكْرٍ الصِّدِّيقُ رضي الله عنه: لَاهَا اللَّهِ إِذًا لَا يَعْمِدُ إِلَى أَسَدٍ مِنْ أُسْدِ اللَّهِ يُقَاتِلُ عَنِ اللَّهِ وَعَنْ رَسُولِهِ فَيُعْطِيَكَ سَلَبَهُ، فَقَالَ رَسُولُ اللَّهِ ﷺ: «صَدَقَ فَأَعْطِهِ إِيَّاهُ» قَالَ أَبُو قَتَادَةَ: فَأَعْطَانِيهِ فَبِعْتُ الدِّرْعَ فَابْتَعْتُ بِهِ مَخْرَفًا فِي بَنِي سَلَمَةَ فَإِنَّهُ لَأَوَّلُ مَالٍ تَأَثَّلْتُهُ فِي الْإِسْلَامِ. قَالَ مَالِكٌ: الْمَخْرَفُ: النَّخْلُ. قَالَ أَبُو جَعْفَرٍ: دَفْعُ النَّبِيِّ ﷺ السَّلَبَ إِلَى أَبِي قَتَادَةَ بِإِقْرَارِ مَنْ هُوَ فِي يَدِهِ دَلِيلٌ عَلَى أَنَّ قَوْلَ النَّبِيِّ ﷺ: «مَنْ قَتَلَ قَتِيلًا لَهُ عَلَيْهِ بَيِّنَةٌ فَلَهُ سَلَبُهُ» إِنَّمَا أَرَادَ: مَنْ قَتَلَ قَتِيلًا وَلَهُ سَلَبٌ لَيْسَتْ عَلَيْهِ يَدُ الَّذِي يَدَّعِي أَنَّهُ قَاتِلُهُ. وَفِي ذَلِكَ مَا يَدُلُّ عَلَى أَنَّ الْإِمَامَ إِذَا قَالَ: مَنْ قَتَلَ قَتِيلًا فَلَهُ سَلَبُهُ، فَأُصِيبَ سَلَبُهُ بِيَدِ رَجُلٍ فَقَالَ: هُوَ سَلَبُ قَتِيلٍ قَتَلْتُهُ وَلَمْ يُعْلَمْ ذَلِكَ إِلَّا بِقَوْلِهِ، إِنَّ الْقَوْلَ فِي ذَلِكَ قَوْلُهُ. وَفِي قَوْلِ أَبِي قَتَادَةَ بِمَحْضَرِ رَسُولِ اللَّهِ ﷺ وَتَرْكِ رَسُولِ اللَّهِ ﷺ النَّكِيرَ عَلَيْهِ: مَنْ يَشْهَدُ لِي، دَلِيلٌ عَلَى أَنَّ الشَّاهِدَ يَكُونُ شَاهِدًا بِمَا عَلِمَ وَإِنْ لَمْ يَسْتَدْعِهِ ذَلِكَ الْمَشْهُودُ لَهُ",كتب السنه
 السنن المأثورة (باب ما جاء في الاعتكاف),للإمام محمد بن إدريس الشافعي,324, دار المعرفة - بيروت,١٤١١ هـ ,https://github.com/Ahmed-Mohamed-Ali2023/heritage-audio-library/blob/main/images/%D8%A8%D8%A7%D8%A8%20%D9%85%D8%A7%20%D8%AC%D8%A7%D8%A1%20%D9%81%D9%8A%20%D8%A7%D9%84%D8%A7%D8%B9%D8%AA%D9%83%D8%A7%D9%81.PNG?raw=true,"بَابُ مَا جَاءَ فِي الِاعْتِكَافِ
٣٥٦ - أَنْبَأَنَا مَالِكُ بْنُ أَنَسٍ، عَنْ يَزِيدَ بْنِ عَبْدِ اللَّهِ بْنِ الْهَادِ، عَنْ مُحَمَّدِ بْنِ إِبْرَاهِيمَ بْنِ الْحَارِثِ التَّيْمِيِّ، عَنْ أَبِي سَلَمَةَ بْنِ عَبْدِ الرَّحْمَنِ، عَنْ أَبِي سَعِيدٍ الْخُدْرِيِّ، أَنَّهُ قَالَ: كَانَ رَسُولُ اللَّهِ ﷺ يَعْتَكِفُ الْعَشْرَ الْوَسَطَ مِنْ رَمَضَانَ فَاعْتَكَفَ عَامًا حَتَّى إِذَا كَانَ لَيْلَةُ إِحْدَى وَعِشْرِينَ وَهِيَ اللَّيْلَةُ الَّتِي كَانَ يَخْرُجُ فِي صَبِيحَتِهَا مِنَ اعْتِكَافِهِ قَالَ: «مَنْ كَانَ اعْتَكَفَ مَعِي فَلْيَعْتَكِفِ الْعَشْرَ الْأَوَاخِرَ» وَقَالَ: «أُرِيتُ هَذِهِ اللَّيْلَةُ ثُمَّ أُنْسِيتُهَا» وَقَالَ: «رَأَيْتُنِي أَسْجُدُ مِنْ صَبِيحَتِهَا فِي مَاءٍ وَطِينٍ فَالْتَمِسُوهَا فِي الْعَشْرِ الْأَوَاخِرِ وَالْتَمِسُوهَا فِي كُلِّ وِتْرٍ» . قَالَ أَبُو سَعِيدٍ: فَأُمْطِرَتِ السَّمَاءُ مِنْ تِلْكَ اللَّيْلَةِ وَكَانَ الْمَسْجِدُ عَلَى عَرِيشٍ فَوَكَفَ الْمَسْجِدُ قَالَ أَبُو سَعِيدٍ: فَأَبْصَرَتْ عَيْنَايَ رَسُولَ اللَّهِ ﷺ انْصَرَفَ عَلَيْنَا وَعَلَى جَبْهَتِهِ وَأَنْفِهِ أَثَرُ الْمَاءِ وَالطِّينِ مِنْ صَبِيحَةِ إِحْدَى وَعِشْرِينَ """,كتب السنه
 السنن المأثورة (بَابُ مَا جَاءَ فِي صِيَامِ عَاشُورَاءَ),للإمام محمد بن إدريس الشافعي,315, دار المعرفة - بيروت,١٤١٢ هـ ,https://github.com/Ahmed-Mohamed-Ali2023/heritage-audio-library/blob/main/images/%D8%A8%D8%A7%D8%A8%20%D9%85%D8%A7%20%D8%AC%D8%A7%D8%A1%20%D9%81%D9%8A%20%D8%B5%D9%8A%D8%A7%D9%85%20%D8%B9%D8%A7%D8%B4%D9%88%D8%B1%D8%A7%D8%A1.PNG?raw=true,"بَابُ مَا جَاءَ فِي صِيَامِ عَاشُورَاءَ
٣٣٠ - حَدَّثَنَا سُفْيَانُ بْنُ عُيَيْنَةَ، قَالَ: سَمِعْتُ عُبَيْدَ اللَّهِ بْنَ أَبِي زَيْدٍ، قَالَ: سَمِعْتُ ابْنَ عَبَّاسٍ، يَقُولُ: مَا عَلِمْتُ النَّبِيَّ ﷺ صَامَ يَوْمًا يَتَحَرَّى فَضْلَهُ عَلَى الْأَيَّامِ إِلَّا هَذَا الْيَوْمَ يَعْنِي يَوْمَ عَاشُورَاءَ
٣٣١ - وَأَخْبَرَنَا يَحْيَى بْنُ حَسَّانَ، عَنِ اللَّيْثِ بْنِ سَعْدٍ، عَنْ نَافِعٍ، عَنْ عَبْدِ اللَّهِ بْنِ عُمَرَ، قَالَ: ذُكِرَ عِنْدَ رَسُولُ اللَّهِ ﷺ يَوْمُ عَاشُورَاءَ فَقَالَ رَسُولُ اللَّهِ ﷺ: «كَانَ يَوْمًا يَصُومُهُ أَهْلُ الْجَاهِلِيَّةِ فَمَنْ أَحَبَّ مِنْكُمْ أَنْ يَصُومَهُ فَلْيَصُمْهُ وَمَنْ كَرِهَ فَلْيَدَعْهُ»
٣٣٢ - وَأَخْبَرَنَا مُحَمَّدُ بْنُ إِسْمَاعِيلَ، عَنِ ابْنِ أَبِي ذِئْبٍ، عَنِ ابْنِ شِهَابٍ، عَنْ عُرْوَةَ، عَنْ عَائِشَةَ، زَوْجِ النَّبِيِّ ﷺ قَالَتْ: كَانَ رَسُولُ اللَّهِ ﷺ يَصُومُ عَاشُورَاءَ وَيَأْمُرُنَا بِصِيَامِهِ
٣٣٣ - وَأَخْبَرَنَا مُحَمَّدُ بْنُ إِسْمَاعِيلَ، عَنِ ابْنِ أَبِي ذِئْبٍ، عَنِ الْقَاسِمِ بْنِ عَبَّاسٍ، عَنْ عَبْدِ اللَّهِ بْنِ عُمَيْرٍ، عَنْ عَبْدِ اللَّهِ بْنِ عَبَّاسٍ، أَنَّ رَسُولَ اللَّهِ ﷺ قَالَ: «لَئِنْ سَلِمْتُ إِلَى قَابِلٍ لَأَصُومَنَّ الْيَوْمَ التَّاسِعَ»
٣٣٤ - حَدَّثَنَا سُفْيَانُ، عَنِ ابْنِ شِهَابٍ، عَنْ حُمَيْدِ بْنِ عَبْدِ الرَّحْمَنِ، قَالَ: سَمِعْتُ مُعَاوِيَةَ بْنَ أَبِي سُفْيَانَ، يَوْمَ عَاشُورَاءَ عَلَى مِنْبَرِ الْمَدِينَةِ وَأَخْرَجَ قُصَّةً مِنْ كُمِّهِ فَقَالَ: أَيْنَ عُلَمَاؤُكُمْ يَا أَهْلَ الْمَدِينَةِ؟ سَمِعْتُ رَسُولَ اللَّهِ ﷺ يَنْهَى عَنْ مِثْلِ هَذِهِ وَقَالَ: «إِنَّمَا هَلَكَتْ بَنُو إِسْرَائِيلَ حِينَ اتَّخَذَهَا نِسَاؤُهُمْ» ثُمَّ قَالَ: سَمِعْتُ رَسُولَ اللَّهِ ﷺ فِي هَذَا الْيَوْمِ يَقُولُ: «إِنِّي صَائِمٌ فَمَنْ شَاءَ فَلْيَصُمْ»",كتب السنه
 السنن المأثورة (بَابُ القنوت),للإمام محمد بن إدريس الشافعي,224, دار المعرفة - بيروت,١٤١٣ هـ ,https://github.com/Ahmed-Mohamed-Ali2023/heritage-audio-library/blob/main/images/%D8%A8%D8%A7%D8%A8%20%D8%A7%D9%84%D9%82%D9%86%D9%88%D8%AA.PNG?raw=true,"بَاب الْقُنُوت
١٦٠ - أَنْبَأَنَا سُفْيَانُ بن عُيَيْنَة، عَنِ الزُّهْرِيِّ، عَنْ سَعِيدِ بْنِ الْمُسَيِّبِ، عَنْ أَبِي هُرَيْرَةَ: أَنَّ رَسُولَ اللَّهِ ﷺ لَمَّا رَفَعَ رَأْسَهُ مِنَ الرَّكْعَةِ الثَّانِيَةِ مِنَ الصُّبْحِ قَالَ: «اللَّهُمَّ أَنْجِ الْوَلِيدَ بْنَ الْوَلِيدِ وَسَلَمَةَ بْنَ هِشَامٍ وَعَيَّاشَ بْنَ أَبِي رَبِيعَةَ وَالْمُسْتَضْعَفِينَ بِمَكَّةَ، وَاشْدُدِ اللَّهُمَّ وَطْأَتَكَ عَلَى مُضَرَ ⦗٢٢٥⦘، وَاجْعَلْهَا عَلَيْهِمْ سِنِينَ كَسِنِي يُوسُفَ»
١٦١ - أَنْبَأَنَا عَبْدُ الْوَهَّابِ بْنُ عَبْدِ الْمَجِيدِ، عَنْ أَيُّوبَ السَّخْتِيَانِيِّ، عَنْ مُحَمَّدِ بْنِ سِيرِينَ، قَالَ: سَأَلْتُ أَنَسَ بْنَ مَالِكٍ عَنِ الْقُنُوتِ، فَقَالَ: قَنَتَ رَسُولُ اللَّهِ ﷺ بَعْدَ الرُّكُوعِ ""
١٦٢ - أَنْبَأَنَا سُفْيَانُ، عَنِ الزُّهْرِيِّ، عَنْ عَبَّادِ بْنِ تَمِيمٍ، عَنْ عَمِّهِ، قَالَ: شَكَا رَجُلٌ إِلَى النَّبِيِّ ﷺ أَنَّهُ يَجِدُ الشَّيْءَ فِي الصَّلَاةِ فَقَالَ: «لَا تَنْصَرِفْ حَتَّى تَجِدَ رِيحًا أَوْ تَسْمَعَ صَوْتًا»
١٦٣ - أَنْبَأَنَا سُفْيَانُ بْنُ عُيَيْنَةَ، عَنِ الزُّهْرِيِّ، عَنْ سَعِيدٍ، عَنْ أَبِي هُرَيْرَةَ، عَنِ النَّبِيِّ ﷺ قَالَ: «إِذَا كَانَ يَوْمُ الْجُمُعَةِ جَلَسَ عَلَى كُلِّ بَابٍ مَلَائِكَةٌ يَكْتُبُونَ النَّاسَ الْأَوَّلَ فَالْأَوَّلَ فَإِذَا جَلَسَ الْإِمَامُ طَوَوُا الصُّحُفَ وَاسْتَمَعُوا الْخُطْبَةَ فَالْمُهَجِّرُ إِلَى الصَّلَاةِ كَالْمُهْدِي بَدَنَةً ثُمَّ الَّذِي يَلِيهِ كَالْمُهْدِي بَقَرَةً وَالَّذِي يَلِيهِ كَالْمُهْدِي كَبْشًا وَالَّذِي يَلِيهِ كَالْمُهْدِي.» حَتَّى ذَكَرَ الدَّجَاجَةَ وَالْبَيْضَةَ
١٦٤ - حَدَّثَنَا مُحَمَّدُ بْنُ إِسْمَاعِيلَ، عَنِ ابْنِ أَبِي ذِئْبٍ، عَنِ ابْنِ شِهَابٍ، عَنْ أَبِي عَبْدِ اللَّهِ الْأَغَرِّ، عَنْ أَبِي هُرَيْرَةَ، رضي الله عنه أَنَّ رَسُولَ اللَّهِ ﷺ قَالَ: «إِذَا كَانَ يَوْمُ الْجُمُعَةُ جَلَسَتِ الْمَلَائِكَةُ عَلَى أَبْوَابِ الْمَسْجِدِ يَكْتُبُونَ ⦗٢٢٧⦘ النَّاسَ الْأَوَّلَ فَالْأَوَّلَ فَكَالَّذِي يُهْدِي بَدَنَةً ثُمَّ كَالَّذِي يُهْدِي بَقَرَةً ثُمَّ كَالَّذِي يُهْدِي كَبْشًا ثُمَّ كَالَّذِي يُهْدِي دَجَاجَةً ثُمَّ كَالَّذِي يُهْدِي بَيْضَةً فَإِذَا خَرَجَ الْإِمَامُ طَوَوُا الصُّحُفَ وَجَلَسُوا يَسْتَمِعُونَ الذِّكْرَ»
١٦٥ - أَنْبَأَنَا مَالِكُ بْنُ أَنَسٍ، عَنْ سُمَيٍّ، مَوْلَى أَبِي بَكْرِ بْنِ عَبْدِ الرَّحْمَنِ، عَنْ أَبِي صَالِحٍ السَّمَّانِ، عَنْ أَبِي هُرَيْرَةَ، أَنَّ رَسُولَ اللَّهِ ﷺ قَالَ: «مَنِ اغْتَسَلَ يَوْمَ الْجُمُعَةِ غُسْلَ الْجَنَابَةِ ثُمَّ رَاحَ فَكَأَنَّمَا قَرَّبَ بَدَنَةً وَمَنْ رَاحَ فِي السَّاعَةِ الثَّانِيَةِ فَكَأَنَّمَا قَرَّبَ بَقَرَةً وَمَنْ رَاحَ فِي السَّاعَةِ الثَّالِثَةِ فَكَأَنَّمَا قَرَّبَ كَبْشًا أَقْرَنَ وَمَنْ رَاحَ فِي السَّاعَةِ الرَّابِعَةِ فَكَأَنَّمَا قَرَّبَ دَجَاجَةً وَمَنْ رَاحَ فِي السَّاعَةِ الْخَامِسَةِ فَكَأَنَّمَا قَرَّبَ بَيْضَةً فَإِذَا خَرَجَ الْإِمَامُ حَضَرَتِ الْمَلَائِكَةُ يَسْتَمِعُونَ الذِّكْرَ»",كتب السنه
الكتاب لسيبويه,"عمرو بن عثمان بن قنبر الحارثي بالولاء، أبو بشر، الملقب سيبويه",466,"مكتبة الخانجي، القاهرة", ١٤٠٨ هـ,https://github.com/Ahmed-Mohamed-Ali2023/heritage-audio-library/blob/main/images/%D9%83%D8%AA%D8%A7%D8%A8%20%D8%B3%D9%8A%D8%A8%D9%88%D9%8A%D8%A9.PNG?raw=true,الغلاف وبيانات الكتاب ,النحو والصرف
الكتاب لسيبويه (هذا باب علم الكَلِمُ من العربية),"عمرو بن عثمان بن قنبر الحارثي بالولاء، أبو بشر، الملقب سيبويه",467,"مكتبة الخانجي، القاهرة", ١٤٠٩ هـ,https://github.com/Ahmed-Mohamed-Ali2023/heritage-audio-library/blob/main/images/%D9%87%D8%B0%D8%A7%20%D8%A8%D8%A7%D8%A8%20%D8%B9%D9%84%D9%85%20%D8%A7%D9%84%D9%83%D9%84%D9%85.PNG?raw=true,"هذا باب علم الكَلِمُ من العربية
فالكَلِم: اسمٌ، وفِعْلٌ، وحَرْفٌ جاء لمعنّى ليس باسم ولا فعل.
فالاسمُ: رجلٌ، وفرسٌ، وحائط.
وأما الفعل فأمثلة أُخذتْ من لفظ أحداث الأسماء، وبُنيتْ لما مضى، ولما يكون ولم يقع، وما هو كائن لم ينَقطع.
فأما بناء ما مضى فذَهَبَ وسَمِعِ ومِكُث وحُمِدَ. وأما بناء ما لم يقع فإنّه قولك آمِرًا: اذهَب واقتُلْ واضرِبْ، ومخبرًا: يَقْتُلُ ويَذهَبُ ويَضرِبُ ويُقْتَلُ ويُضرَبُ. وكذلك بناء ما لم يَنقطع وهو كائن إذا أخبرتَ.
فهذه الأمثلة التي أُخذت من لفظ أحداث الأسماء، ولها أبنية كثيرة ستبيَّن إن شاء الله.
والأحداث نحو الضَّرْبِ والحمد والقتل.
وأما ما جاء لمعنّى وليس باسم ولا فعلٍ فنحو: ثُمَّ، وسَوْف، وواو القسم ولام الإضافة، ونحوها.",النحو والصرف
أبو عبد الله المصعب بن عبد الله بن المصعب الزبيري (١٥٦ - ٢٣٦ هـ),أبو عبد الله المصعب بن عبد الله بن المصعب الزبيري,445," دار المعارف، القاهرة",1402 ه ,https://www.alalbany.org/library/uploads/covers/7920174/593515591/alalbany-d0f94028d3c778eeb162af1b4146daf7544a2e6a.jpg,"بسم الله الرحمن الرحيم
وصلى الله على سيدنا ومولانا محمد وعلى آله وصحبه وسلم
الجزء الأول
أخبرنا محمد بن معاوية بن عبد الرحمن بن معاوية بن إسحاق بن عبد الله ابن معاوية بن هشام بن عبد الملك بن مروان رحمهم الله قال: حدثنا أبو إسحاق إبراهيم بن موسى بن جميل الأندلسي بمصر، قال: حدثنا أبو بكر أحمد بن زهير بن حرب بن شداد النسائي البغدادي المعروف بابن أبي خيثمة، قال: حدثنا أبو عبد الله المصعب بن عبد الله بن ثابت بن عبد الله ابن الزبير بن العوام بن خويلد بن أسد بن عبد العزى بن قصي بن كلاب، وقرأ علي: «قال أبو عبد الله: قال محمد بن شهاب ابن مسلم بن عبيد الله بن عبد الله ابن شهاب بن عبد الله بن الحارث بن زهرة بن كلاب الزهري»:",الانساب
أبو عبد الله المصعب بن عبد الله بن المصعب الزبيري (ولد كنانة بن خزيمة),أبو عبد الله المصعب بن عبد الله بن المصعب الزبيري,445," دار المعارف، القاهرة",1403 ه ,https://github.com/Ahmed-Mohamed-Ali2023/heritage-audio-library/blob/main/images/%D9%88%D9%84%D8%AF%20%D9%83%D9%86%D8%A7%D9%86%D9%87.PNG?raw=true,"ولد كنانة بن خزيمة
فولد كنانة بن خزيمة: النضر، وبه يكني؛ وملكًا؛ وملكان؛ ومليكًا؛ وغزوان، وهم فرسان؛ وعمرًا: وعامرًا؛ وأمهم: برة بنت مر أخت تميم بن مر؛ وإخوتهم لأمهم: أسد، وأسدة، والهون بنو خزيمة، خلف عليها كنانة بعد أبيه، وذلك نكاح كانت الجاهلية تنكحه: إذا مات الرجل، نكح أكبر بنيه زوجته، إذا لم تكن أمه، وورث خيار ماله؛ فأنزل الله - جل ثناؤه -: ""ولا تنكحوا ما نكح أباؤكم من النساء إلا ما قد سلف، إنه كان فاحشة ومقتًا وساء سبيلا)؛ وحدال بن كنانة؛ وسعدًا؛ وعوفًا؛ ومجربة؛ وأمهم: هالة بنت سويد بن الغطريف: والغطريف حارثة، ابن امرئ القيس بن ثعلبة بن مازن بن الأزد بن الغوث بن النبت. أما مليك، فلا عقب له. وأما حدال، فدارهم بعدن أبين. وأما عمرو بن كنانة، فدارهم بفلسطين، وهم قليل. وأما مجربة، فيقولون: هم بنو ساعدة، رهط سعد ين عبادة؛ وعبد مناة بن كناة، وأمه: الذفراء، واسمها فكيهة، بنت هني ين بلي بن عمرو بن الحاف بن قضاعة؛ وأخوه لأمه: علي بن مسعود، تزوج امرأة أخيه عبد مناة، وهي هند بنت بكر بن وائل بن قاسط بن هنب بن أفصى بن دعمي بن جديلة بن أسد بن ربيعة بن نزار، ولها من عبد مناة: بكر، وعامر، ومرة؛ فضمهم إليه مع أمهم، وهم صغار؛ فربوا في حجره، فنسبوا إليه؛ فلذلك قال أمية بن أبي الصلت بن أبي ربيعة الثقفي الشاعر، وهو يحرض على رسول الله ﷺ:
لله در بني علي ... أيم منهم وناكج",الانساب
" الحاوي في الطب (الْبَاب الأول)
(فِي السكتة والفالج والخدر والرعشة وعسر الْحس وبطلانه والاختلاج وجمل أَمر علل الحسّ وَالْحَرَكَة والأشياء) (المضادّة بالعصب وعلاج الرَّأْس والمالنخوليا.)"," أبو بكر، محمد بن زكريا الرازي (ت ٣١٣هـ)",3945, دار احياء التراث العربي - لبنان/ بيروت,١٤٢٢هـ ,https://github.com/Ahmed-Mohamed-Ali2023/heritage-audio-library/blob/main/images/%D8%A7%D9%84%D8%A8%D8%A7%D8%A8%20%D8%A7%D9%84%D8%A7%D9%88%D9%84%20%D8%A7%D9%84%D8%AD%D8%A7%D9%88%D9%8A%20%D9%81%20%D8%A7%D9%84%D8%B7%D8%A8.PNG?raw=true,"(الْبَاب الأول)
(فِي السكتة والفالج والخدر والرعشة وعسر الْحس وبطلانه والاختلاج وجمل أَمر علل الحسّ وَالْحَرَكَة والأشياء) (المضادّة بالعصب وعلاج الرَّأْس والمالنخوليا.)
٣ - (الْمقَالة الأولى)

٣ - (الْأَعْضَاء الآلمة)
قَالَ يَنْبَغِي أَن تكون عَالما بالعصب الَّذِي يَأْتِي إِلَى كل وَاحِد من الْأَعْضَاء وَمَا مِنْهَا عصب الحسّ وَمَا مِنْهَا عصب الْحَرَكَة فالعصب الَّذِي ينبّث فِي الْجلد يحسّ وَالَّذِي يكون مِنْهُ الْوتر يحرّك وَفعل العصب يبطل إِمَّا ببتره الْبَتَّةَ فِي الْعرض أَو رضةٍ أَو سدةٍ أَو لورمٍ يحدث فِيهِ أَو لبردٍ شديدٍ يُصِيبهُ إِلَّا أَن الورم والسدة وَالْبرد قد يُمكن أَن يرجع فعله إِذا ارْتَفَعت علله وَإِن حدث فِي نصف العصب عرضا قطع استرخت الْأَعْضَاء الَّتِي فِي تِلْكَ النَّاحِيَة وَإِن شقّ العصب بالطول لم ينل الْأَعْضَاء ضَرَر الْبَتَّةَ فاقصد أبدا عِنْد بطلَان حسّ عضوٍ أَو حركةٍ إِلَى أصل العصب الجائي إِلَيْهَا فَإِن كَانَ قد برد فأسخنه بالأضمدة وَإِن كَانَ قد ورم فَاجْعَلْ عَلَيْهِ المحلّلة وَإِن كَانَ قد قطع فَلَا حِيلَة فِيهِ.
وَقد يعرض الفالج فِي عضوٍ وَاحِد مثل الْعَارِض فِي عضل الْيَدَيْنِ أَو المثانة إِمَّا بِسَبَب ضربةٍ تقع)
عَلَيْهِ وَإِمَّا البردٍ شديدٍ يُصِيبهُ وَقد يعرض للعضل الَّذِي على الشرج وَذَلِكَ كثير من جُلُوس الْإِنْسَان على حجرٍ باردٍ شَدِيد الْبرد أَو قيام فِي المَاء الْبَارِد فَيخرج مِنْهُ الْبَوْل وَالْبرَاز بِلَا إِرَادَة وَكثير مِمَّن يسْقط من موضعٍ عالٍ على ظَهره أَو يضْرب عَلَيْهِ فينالهم حصر الْبَوْل والغايط لِأَن الأمعاء والمثانة تدفع مَا فِيهَا بِقُوَّة العضل لي جالينوس قد ذكر فِي هَذِه الْمقَالة أَنه لَيْسَ للمثانة عضل يقبضهَا دَائِما يدْفع الْبَوْل بقوةٍ طبيعيةٍ وَإِنَّمَا لَهَا على فمها عضل يمسك الْبَوْل وَهَذَا قَوْله أَيْضا إِنَّمَا يكون خُرُوج الْبَوْل من الأصحاء بِأَن يمسك العضلة المتطوّفة على فَم المثانة عَن فعلهَا وَتفعل المثانة فعلهَا وَفعل المثانة فعل يكون بالطبع لَا بالإرادة بل بالقوّة الدافعة الطبيعية الَّتِي تدفع كلَّ مَا يُؤْذِي وَقَالَ فِي آخر الْمقَالة أَنه إِنَّمَا يخرج مَا فِيهَا عِنْدَمَا يُطلق العضل بالإرادة ويجتمع هِيَ على مَا فِيهَا وينقبض على مَا يحويها لي فَإِذا كَانَ هَذَا على هَذَا فقد يظّن أَن فِي كَلَامه تناقضًا وَلَيْسَ بتناقض لِأَنَّهُ يجوز أَن يكون إِنَّمَا عَنى بقوله بِقُوَّة العضل لَا أَن عضلا للمثانة والدبر للدَّفْع بل عضل الْأَعْضَاء الَّتِي تعين هَذِه بالعصر كالحجاب وعضل المراق وَنَحْوهَا.",الطب
